Epsiode Cummulative Reward: 687.593268930912, Episode Timestpes: 4500,
Epsiode Cummulative Reward: 397.9477546811104, Episode Timestpes: 4500,
Epsiode Cummulative Reward: 99.90671461820602, Episode Timestpes: 4500,
Epsiode Cummulative Reward: 3.3582099080085754, Episode Timestpes: 4500,
Epsiode Cummulative Reward: 753.8475196361542, Episode Timestpes: 4500,
Epsiode Cummulative Reward: -1.5437602996826172e-05, Episode Timestpes: 4500,
Epsiode Cummulative Reward: 790.0186414122581, Episode Timestpes: 4500,
Epsiode Cummulative Reward: 68.00373440980911, Episode Timestpes: 4500,
Epsiode Cummulative Reward: 736.2186039090157, Episode Timestpes: 4500,
Epsiode Cummulative Reward: 835.3544610142708, Episode Timestpes: 4500,
Epsiode Cummulative Reward: 641.4178910851479, Episode Timestpes: 4500,
Epsiode Cummulative Reward: 495.3358148932457, Episode Timestpes: 3485,
Epsiode Cummulative Reward: 23.50526338815689, Episode Timestpes: 4500,
Epsiode Cummulative Reward: 635.4817337393761, Episode Timestpes: 4500,
Epsiode Cummulative Reward: 2763.805935025215, Episode Timestpes: 2923,
Epsiode Cummulative Reward: 1.9073486328125e-06, Episode Timestpes: 4500,
Epsiode Cummulative Reward: 3.2782554626464844e-06, Episode Timestpes: 4500,
Epsiode Cummulative Reward: -4.5299530029296875e-06, Episode Timestpes: 4500,
Epsiode Cummulative Reward: 786.5870373249054, Episode Timestpes: 4500,
Epsiode Cummulative Reward: 1170.3358014822006, Episode Timestpes: 4500,
Epsiode Cummulative Reward: 2213.6927313804626, Episode Timestpes: 4150,
Epsiode Cummulative Reward: 471.82835280895233, Episode Timestpes: 1600,
Epsiode Cummulative Reward: 805.9701256155968, Episode Timestpes: 4500,
Epsiode Cummulative Reward: 603.6380479335785, Episode Timestpes: 4500,
Epsiode Cummulative Reward: 721.175360918045, Episode Timestpes: 4500,
Epsiode Cummulative Reward: 87.31342852115631, Episode Timestpes: 4500,
Epsiode Cummulative Reward: 877.332070171833, Episode Timestpes: 4500,
Epsiode Cummulative Reward: 690.11192882061, Episode Timestpes: 4500,
Epsiode Cummulative Reward: 1661.4738710522652, Episode Timestpes: 3563,
Epsiode Cummulative Reward: 5.066394805908203e-06, Episode Timestpes: 4500,
Epsiode Cummulative Reward: 735.4477527141571, Episode Timestpes: 4500,
Epsiode Cummulative Reward: 762.3134019970894, Episode Timestpes: 4500,
Epsiode Cummulative Reward: 514.6455196142197, Episode Timestpes: 458,
Epsiode Cummulative Reward: 1179.5708893537521, Episode Timestpes: 4500,
Epsiode Cummulative Reward: 1149.3469948768616, Episode Timestpes: 4500,
Epsiode Cummulative Reward: 346.73507183790207, Episode Timestpes: 1769,
Epsiode Cummulative Reward: 852.1455097794533, Episode Timestpes: 4500,
Epsiode Cummulative Reward: 407.1828318834305, Episode Timestpes: 3313,
Epsiode Cummulative Reward: 125.09328216314316, Episode Timestpes: 4500,
Epsiode Cummulative Reward: 77.23880308866501, Episode Timestpes: 4500,
Epsiode Cummulative Reward: 1166.8687677383423, Episode Timestpes: 4500,
Epsiode Cummulative Reward: 362.68656462430954, Episode Timestpes: 3260,
Epsiode Cummulative Reward: 795.0559566020966, Episode Timestpes: 4500,
Epsiode Cummulative Reward: 754.757440328598, Episode Timestpes: 4500,
Epsiode Cummulative Reward: 363.49220418930054, Episode Timestpes: 829,
Epsiode Cummulative Reward: 121.7350737452507, Episode Timestpes: 4500,
Epsiode Cummulative Reward: 2204.664154648781, Episode Timestpes: 3134,
Epsiode Cummulative Reward: 753.0783537626266, Episode Timestpes: 4500,
Epsiode Cummulative Reward: 1638.6530923247337, Episode Timestpes: 2247,
Epsiode Cummulative Reward: 443.28356885910034, Episode Timestpes: 4500,
Epsiode Cummulative Reward: 2149.253722667694, Episode Timestpes: 1954,
Epsiode Cummulative Reward: 2196.063777089119, Episode Timestpes: 3747,
Epsiode Cummulative Reward: 709.421616256237, Episode Timestpes: 4500,
Epsiode Cummulative Reward: 1179.5708771348, Episode Timestpes: 4500,
Epsiode Cummulative Reward: 770.7089326381683, Episode Timestpes: 4500,
Epsiode Cummulative Reward: 252.68164390325546, Episode Timestpes: 4500,
Epsiode Cummulative Reward: 2253.9874680638313, Episode Timestpes: 2678,
Epsiode Cummulative Reward: 1213.8792827129364, Episode Timestpes: 4500,
Epsiode Cummulative Reward: 88.99254095554352, Episode Timestpes: 4500,
Epsiode Cummulative Reward: 413.0597003698349, Episode Timestpes: 1305,
Epsiode Cummulative Reward: 1053.5397515296936, Episode Timestpes: 4500,
Epsiode Cummulative Reward: 2773.621818125248, Episode Timestpes: 3395,
Epsiode Cummulative Reward: 779.8712567687035, Episode Timestpes: 4500,
Epsiode Cummulative Reward: 1695.0559461712837, Episode Timestpes: 3913,
Epsiode Cummulative Reward: 1161.9402850270271, Episode Timestpes: 4500,
Epsiode Cummulative Reward: 2596.735047221184, Episode Timestpes: 4500,
Epsiode Cummulative Reward: 1540.578336775303, Episode Timestpes: 4500,
Epsiode Cummulative Reward: 2215.5783400535583, Episode Timestpes: 4241,
Epsiode Cummulative Reward: 1691.697745680809, Episode Timestpes: 2558,
Epsiode Cummulative Reward: 41.97370785474777, Episode Timestpes: 4500,
Epsiode Cummulative Reward: 4.291534423828125e-06, Episode Timestpes: 4500,
Epsiode Cummulative Reward: 10.074620008468628, Episode Timestpes: 4500,
Epsiode Cummulative Reward: 726.2126829624176, Episode Timestpes: 4500,
Epsiode Cummulative Reward: 99.89739191532135, Episode Timestpes: 4500,
Epsiode Cummulative Reward: 753.0080863833427, Episode Timestpes: 4500,
Epsiode Cummulative Reward: 880.6902720332146, Episode Timestpes: 4500,
Epsiode Cummulative Reward: 572.5746169090271, Episode Timestpes: 724,
Epsiode Cummulative Reward: 41.97759568691254, Episode Timestpes: 4500,
Epsiode Cummulative Reward: 1061.1940251588821, Episode Timestpes: 4500,
Epsiode Cummulative Reward: 68.00372850894928, Episode Timestpes: 4500,
Epsiode Cummulative Reward: 306.40793538093567, Episode Timestpes: 4500,
Epsiode Cummulative Reward: 7.867813110351562e-06, Episode Timestpes: 4500,
Epsiode Cummulative Reward: 799.1791310310364, Episode Timestpes: 4500,
Epsiode Cummulative Reward: -5.781650543212891e-06, Episode Timestpes: 4500,
Epsiode Cummulative Reward: 1173.6940088868141, Episode Timestpes: 4500,
Epsiode Cummulative Reward: 1216.5111760497093, Episode Timestpes: 4500,
Epsiode Cummulative Reward: 2217.2574416399, Episode Timestpes: 2120,
Epsiode Cummulative Reward: 881.5298354625702, Episode Timestpes: 4500,
Epsiode Cummulative Reward: 748.8805689811707, Episode Timestpes: 4500,
Epsiode Cummulative Reward: 1635.2951859235764, Episode Timestpes: 4327,
Epsiode Cummulative Reward: 1635.4477407336235, Episode Timestpes: 3901,
Epsiode Cummulative Reward: 304.75745940208435, Episode Timestpes: 4500,
Epsiode Cummulative Reward: 819.4029784798622, Episode Timestpes: 4500,
Epsiode Cummulative Reward: 880.6902718544006, Episode Timestpes: 4500,
Epsiode Cummulative Reward: 2112.9558588266373, Episode Timestpes: 3217,
Epsiode Cummulative Reward: 1243.376846909523, Episode Timestpes: 4500,
Epsiode Cummulative Reward: 1178.7313299775124, Episode Timestpes: 4500,
Epsiode Cummulative Reward: 1220.7089337706566, Episode Timestpes: 4500,
Epsiode Cummulative Reward: 363.49220818281174, Episode Timestpes: 2070,
Epsiode Cummulative Reward: 689.2080646157265, Episode Timestpes: 4500,
Epsiode Cummulative Reward: 2180.9532255530357, Episode Timestpes: 4500,
Epsiode Cummulative Reward: 854.6641722917557, Episode Timestpes: 4500,
Epsiode Cummulative Reward: 1085.4397421479225, Episode Timestpes: 4500,
Epsiode Cummulative Reward: -1.3113021850585938e-06, Episode Timestpes: 4500,
Epsiode Cummulative Reward: 3.337860107421875e-06, Episode Timestpes: 4500,
Epsiode Cummulative Reward: 88.15298247337341, Episode Timestpes: 4500,
Epsiode Cummulative Reward: 53.726333141326904, Episode Timestpes: 4500,
Epsiode Cummulative Reward: 437.3659117817879, Episode Timestpes: 1188,
Epsiode Cummulative Reward: 56.249999940395355, Episode Timestpes: 4500,
Epsiode Cummulative Reward: 0.0, Episode Timestpes: 4500,
Epsiode Cummulative Reward: 678.2948979735374, Episode Timestpes: 4500,
Epsiode Cummulative Reward: 153.63805317878723, Episode Timestpes: 4500,
Epsiode Cummulative Reward: 651.4925296902657, Episode Timestpes: 4500,
Epsiode Cummulative Reward: 718.6566827297211, Episode Timestpes: 4500,
Epsiode Cummulative Reward: 793.3028569817543, Episode Timestpes: 4500,
Epsiode Cummulative Reward: 2196.2686433792114, Episode Timestpes: 1183,
Epsiode Cummulative Reward: 879.8507274985313, Episode Timestpes: 4500,
Epsiode Cummulative Reward: 405.50372737646103, Episode Timestpes: 1493,
Epsiode Cummulative Reward: 66.32462513446808, Episode Timestpes: 4500,
Epsiode Cummulative Reward: 1688.3395347595215, Episode Timestpes: 2933,
Epsiode Cummulative Reward: 2241.604441165924, Episode Timestpes: 3367,
Epsiode Cummulative Reward: 873.9738645553589, Episode Timestpes: 4500,
Epsiode Cummulative Reward: 1099.8134055137634, Episode Timestpes: 4500,
Epsiode Cummulative Reward: 837.8730998635292, Episode Timestpes: 4500,
Epsiode Cummulative Reward: 2910.456030368805, Episode Timestpes: 4500,
Epsiode Cummulative Reward: 1233.3022272586823, Episode Timestpes: 4500,
Epsiode Cummulative Reward: 1695.8954956531525, Episode Timestpes: 3348,
Epsiode Cummulative Reward: 350.93283182382584, Episode Timestpes: 837,
Epsiode Cummulative Reward: 1083.022377192974, Episode Timestpes: 4500,
Epsiode Cummulative Reward: 286.287300825119, Episode Timestpes: 4500,
Epsiode Cummulative Reward: 130.95792996883392, Episode Timestpes: 4500,
Epsiode Cummulative Reward: 3686.47384929657, Episode Timestpes: 4500,
Epsiode Cummulative Reward: 1092.1555643677711, Episode Timestpes: 4500,
Epsiode Cummulative Reward: 1166.1380395293236, Episode Timestpes: 4500,
Epsiode Cummulative Reward: 889.9253640174866, Episode Timestpes: 4500,
Epsiode Cummulative Reward: 379.47760903835297, Episode Timestpes: 1207,
Epsiode Cummulative Reward: 418.0970124602318, Episode Timestpes: 631,
Epsiode Cummulative Reward: -2.5033950805664062e-06, Episode Timestpes: 4500,
Epsiode Cummulative Reward: 1.2516975402832031e-06, Episode Timestpes: 4500,
Epsiode Cummulative Reward: -9.357929229736328e-06, Episode Timestpes: 4500,
Epsiode Cummulative Reward: -2.980232238769531e-07, Episode Timestpes: 4500,
Epsiode Cummulative Reward: 2.8073787689208984e-05, Episode Timestpes: 4500,
Epsiode Cummulative Reward: -3.516674041748047e-06, Episode Timestpes: 4500,
Epsiode Cummulative Reward: 3.337860107421875e-06, Episode Timestpes: 4500,
Epsiode Cummulative Reward: -1.7881393432617188e-07, Episode Timestpes: 4500,
Epsiode Cummulative Reward: 3.3578970432281494, Episode Timestpes: 4500,
Epsiode Cummulative Reward: 9.298324584960938e-06, Episode Timestpes: 4500,
Epsiode Cummulative Reward: 6.139278411865234e-06, Episode Timestpes: 4500,
Epsiode Cummulative Reward: 80.5970202088356, Episode Timestpes: 4500,
Epsiode Cummulative Reward: 716.9776036739349, Episode Timestpes: 4500,
Epsiode Cummulative Reward: 88.9925394654274, Episode Timestpes: 4500,
Epsiode Cummulative Reward: 277.8917852640152, Episode Timestpes: 4500,
Epsiode Cummulative Reward: 107.45267474651337, Episode Timestpes: 4500,
Epsiode Cummulative Reward: 1168.547662138939, Episode Timestpes: 4500,
Epsiode Cummulative Reward: 4.76837158203125e-06, Episode Timestpes: 4500,
Epsiode Cummulative Reward: 0.839556872844696, Episode Timestpes: 4500,
Epsiode Cummulative Reward: 259.421639919281, Episode Timestpes: 4500,
Epsiode Cummulative Reward: 4.589557647705078e-06, Episode Timestpes: 4500,
Epsiode Cummulative Reward: 2.0265579223632812e-06, Episode Timestpes: 4500,
Epsiode Cummulative Reward: 2.980232238769531e-07, Episode Timestpes: 4500,
Epsiode Cummulative Reward: -1.1920928955078125e-07, Episode Timestpes: 4500,
Epsiode Cummulative Reward: -3.5762786865234375e-07, Episode Timestpes: 4500,
Epsiode Cummulative Reward: 5.876870572566986, Episode Timestpes: 4500,
Epsiode Cummulative Reward: 554.104473054409, Episode Timestpes: 4500,
Epsiode Cummulative Reward: 0.0, Episode Timestpes: 4500,
Epsiode Cummulative Reward: 549.8554319143295, Episode Timestpes: 4500,
Epsiode Cummulative Reward: 2781.436536490917, Episode Timestpes: 4361,
Epsiode Cummulative Reward: 416.4179084300995, Episode Timestpes: 2940,
Epsiode Cummulative Reward: -2.1457672119140625e-06, Episode Timestpes: 4500,
Epsiode Cummulative Reward: 387.0335781574249, Episode Timestpes: 1352,
Epsiode Cummulative Reward: 565.8582062125206, Episode Timestpes: 583,
Epsiode Cummulative Reward: 759.7947589755058, Episode Timestpes: 4500,
Epsiode Cummulative Reward: 731.2499901652336, Episode Timestpes: 4500,
Epsiode Cummulative Reward: 1674.9067004323006, Episode Timestpes: 3240,
Epsiode Cummulative Reward: 1173.6940085291862, Episode Timestpes: 4500,
Epsiode Cummulative Reward: 2197.9477398991585, Episode Timestpes: 2246,
Epsiode Cummulative Reward: 65.47894901037216, Episode Timestpes: 4500,
Epsiode Cummulative Reward: 36.10073035955429, Episode Timestpes: 4500,
Epsiode Cummulative Reward: 1207.2761033773422, Episode Timestpes: 4500,
Epsiode Cummulative Reward: 105.77371037006378, Episode Timestpes: 4500,
Epsiode Cummulative Reward: 1171.1753500699997, Episode Timestpes: 4500,
Epsiode Cummulative Reward: 1649.7201184630394, Episode Timestpes: 4365,
Epsiode Cummulative Reward: 1683.3022278547287, Episode Timestpes: 2176,
Epsiode Cummulative Reward: 1648.0410287380219, Episode Timestpes: 1797,
Epsiode Cummulative Reward: 1646.3619239330292, Episode Timestpes: 1803,
Epsiode Cummulative Reward: 894.9626643061638, Episode Timestpes: 4500,
Epsiode Cummulative Reward: 1080.5037094950676, Episode Timestpes: 4500,
Epsiode Cummulative Reward: 659.8880435228348, Episode Timestpes: 4500,
Epsiode Cummulative Reward: 406.3432743549347, Episode Timestpes: 1994,
Epsiode Cummulative Reward: 2148.4141575098038, Episode Timestpes: 3890,
Epsiode Cummulative Reward: 2086.092694938183, Episode Timestpes: 4500,
Epsiode Cummulative Reward: 549.9066950082779, Episode Timestpes: 4500,
Epsiode Cummulative Reward: 1037.6865646243095, Episode Timestpes: 4500,
Epsiode Cummulative Reward: 420.6156688928604, Episode Timestpes: 439,
Epsiode Cummulative Reward: 2206.343274831772, Episode Timestpes: 4235,
Epsiode Cummulative Reward: 88.99252325296402, Episode Timestpes: 4500,
Epsiode Cummulative Reward: 366.8843275308609, Episode Timestpes: 979,
Epsiode Cummulative Reward: 741.25547260046, Episode Timestpes: 4500,
Epsiode Cummulative Reward: 2240.764901995659, Episode Timestpes: 3479,
Epsiode Cummulative Reward: 1145.8819032907486, Episode Timestpes: 3815,
Epsiode Cummulative Reward: 705.2238690257072, Episode Timestpes: 4500,
Epsiode Cummulative Reward: -1.1324882507324219e-05, Episode Timestpes: 4500,
Epsiode Cummulative Reward: 721.1753635406494, Episode Timestpes: 4500,
Epsiode Cummulative Reward: 387.0335571169853, Episode Timestpes: 4500,
Epsiode Cummulative Reward: 1213.0398045778275, Episode Timestpes: 4500,
Epsiode Cummulative Reward: 2229.6427194476128, Episode Timestpes: 1454,
Epsiode Cummulative Reward: 1162.7798199653625, Episode Timestpes: 4500,
Epsiode Cummulative Reward: 838.634428858757, Episode Timestpes: 4500,
Epsiode Cummulative Reward: 900.8395349383354, Episode Timestpes: 4500,
Epsiode Cummulative Reward: 1142.6305676102638, Episode Timestpes: 4500,
Epsiode Cummulative Reward: 3003.91787648201, Episode Timestpes: 3353,
Epsiode Cummulative Reward: 1652.9241361021996, Episode Timestpes: 1886,
Epsiode Cummulative Reward: 1183.7686375975609, Episode Timestpes: 4500,
Epsiode Cummulative Reward: 2192.7058733701706, Episode Timestpes: 2571,
Epsiode Cummulative Reward: 3074.440249621868, Episode Timestpes: 4500,
Epsiode Cummulative Reward: -2.2649765014648438e-06, Episode Timestpes: 4500,
Epsiode Cummulative Reward: 6.258487701416016e-06, Episode Timestpes: 4500,
Epsiode Cummulative Reward: 6.616115570068359e-06, Episode Timestpes: 4500,
Epsiode Cummulative Reward: 254.36059617996216, Episode Timestpes: 4500,
Epsiode Cummulative Reward: 737.966387629509, Episode Timestpes: 4500,
Epsiode Cummulative Reward: 774.0671422481537, Episode Timestpes: 4500,
Epsiode Cummulative Reward: 866.4178888201714, Episode Timestpes: 4500,
Epsiode Cummulative Reward: 1077.1455093622208, Episode Timestpes: 4500,
Epsiode Cummulative Reward: -2.1457672119140625e-06, Episode Timestpes: 4500,
Epsiode Cummulative Reward: 1039.3656540513039, Episode Timestpes: 4500,
Epsiode Cummulative Reward: -4.172325134277344e-07, Episode Timestpes: 4500,
Epsiode Cummulative Reward: 371.92164516448975, Episode Timestpes: 4262,
Epsiode Cummulative Reward: 741.3246160149574, Episode Timestpes: 4500,
Epsiode Cummulative Reward: 836.1940205693245, Episode Timestpes: 4500,
Epsiode Cummulative Reward: -2.86102294921875e-06, Episode Timestpes: 4500,
Epsiode Cummulative Reward: 1.0073184967041016e-05, Episode Timestpes: 4500,
Epsiode Cummulative Reward: 8.940696716308594e-07, Episode Timestpes: 4500,
Epsiode Cummulative Reward: 0.0, Episode Timestpes: 4500,
Epsiode Cummulative Reward: 5.602836608886719e-06, Episode Timestpes: 4500,
Epsiode Cummulative Reward: 2.8014183044433594e-06, Episode Timestpes: 4500,
Epsiode Cummulative Reward: -1.1920928955078125e-07, Episode Timestpes: 4500,
Epsiode Cummulative Reward: 4.827976226806641e-06, Episode Timestpes: 4500,
Epsiode Cummulative Reward: 77.23880678415298, Episode Timestpes: 4500,
Epsiode Cummulative Reward: 1109.0484889149666, Episode Timestpes: 4500,
Epsiode Cummulative Reward: 733.7686339616776, Episode Timestpes: 4500,
Epsiode Cummulative Reward: 6.556510925292969e-06, Episode Timestpes: 4500,
Epsiode Cummulative Reward: 273.6940220594406, Episode Timestpes: 4500,
Epsiode Cummulative Reward: 5.0373170375823975, Episode Timestpes: 4500,
Epsiode Cummulative Reward: -1.3113021850585938e-06, Episode Timestpes: 4500,
Epsiode Cummulative Reward: 337.4685190320015, Episode Timestpes: 4500,
Epsiode Cummulative Reward: 758.9552208781242, Episode Timestpes: 4500,
Epsiode Cummulative Reward: 110.81055915355682, Episode Timestpes: 4500,
Epsiode Cummulative Reward: -6.139278411865234e-06, Episode Timestpes: 4500,
Epsiode Cummulative Reward: 1178.7313220500946, Episode Timestpes: 4500,
Epsiode Cummulative Reward: 1252.611918091774, Episode Timestpes: 4500,
Epsiode Cummulative Reward: 1675.7462462186813, Episode Timestpes: 2672,
Epsiode Cummulative Reward: 2780.596985757351, Episode Timestpes: 3637,
Epsiode Cummulative Reward: 2777.2387648820877, Episode Timestpes: 2752,
Epsiode Cummulative Reward: 2230.6902757287025, Episode Timestpes: 1822,
Epsiode Cummulative Reward: 1674.9066898822784, Episode Timestpes: 4158,
Epsiode Cummulative Reward: 2766.3245799541473, Episode Timestpes: 4449,
Epsiode Cummulative Reward: 946.1753392219543, Episode Timestpes: 4500,
Epsiode Cummulative Reward: 496.1753463745117, Episode Timestpes: 4500,
Epsiode Cummulative Reward: 8.463859558105469e-06, Episode Timestpes: 4500,
Epsiode Cummulative Reward: 1.0728836059570312e-06, Episode Timestpes: 4500,
Epsiode Cummulative Reward: 5.0067901611328125e-06, Episode Timestpes: 4500,
Epsiode Cummulative Reward: 1.609325408935547e-05, Episode Timestpes: 4500,
Epsiode Cummulative Reward: 4.231929779052734e-06, Episode Timestpes: 4500,
Epsiode Cummulative Reward: -5.4836273193359375e-06, Episode Timestpes: 4500,
Epsiode Cummulative Reward: 502.8917915225029, Episode Timestpes: 4500,
Epsiode Cummulative Reward: 1056.058177471161, Episode Timestpes: 4500,
Epsiode Cummulative Reward: 7.152557373046875e-07, Episode Timestpes: 4500,
Epsiode Cummulative Reward: 1104.0111692547798, Episode Timestpes: 4500,
Epsiode Cummulative Reward: 98.21839833259583, Episode Timestpes: 4500,
Epsiode Cummulative Reward: 1653.07832634449, Episode Timestpes: 4235,
Epsiode Cummulative Reward: 1369.1819155812263, Episode Timestpes: 4500,
Epsiode Cummulative Reward: 1682.4626615047455, Episode Timestpes: 2002,
Epsiode Cummulative Reward: 868.0969944596291, Episode Timestpes: 3810,
Epsiode Cummulative Reward: 1674.906682729721, Episode Timestpes: 3075,
Epsiode Cummulative Reward: 873.1342910528183, Episode Timestpes: 4500,
Epsiode Cummulative Reward: 2228.171622812748, Episode Timestpes: 3405,
Epsiode Cummulative Reward: 1674.906698346138, Episode Timestpes: 1695,
Epsiode Cummulative Reward: 3749.440278530121, Episode Timestpes: 4500,
Epsiode Cummulative Reward: 899.9999809861183, Episode Timestpes: 4500,
Epsiode Cummulative Reward: 498.6940248012543, Episode Timestpes: 1326,
Epsiode Cummulative Reward: 1098.1343169808388, Episode Timestpes: 4500,
Epsiode Cummulative Reward: 382.8358199596405, Episode Timestpes: 69,
Epsiode Cummulative Reward: 398.7873107790947, Episode Timestpes: 1103,
Epsiode Cummulative Reward: 2.4437904357910156e-06, Episode Timestpes: 4500,
Epsiode Cummulative Reward: 299.69217550754547, Episode Timestpes: 4500,
Epsiode Cummulative Reward: 926.0261037945747, Episode Timestpes: 4500,
Epsiode Cummulative Reward: 71.36194741725922, Episode Timestpes: 4500,
Epsiode Cummulative Reward: -2.384185791015625e-07, Episode Timestpes: 4500,
Epsiode Cummulative Reward: 1.1324882507324219e-06, Episode Timestpes: 4500,
Epsiode Cummulative Reward: 6.556510925292969e-07, Episode Timestpes: 4500,
Epsiode Cummulative Reward: 0.0, Episode Timestpes: 4500,
Epsiode Cummulative Reward: 0.0, Episode Timestpes: 4500,
Epsiode Cummulative Reward: 6.556510925292969e-07, Episode Timestpes: 4500,
Epsiode Cummulative Reward: 2.0623207092285156e-05, Episode Timestpes: 4500,
Epsiode Cummulative Reward: 1.138448715209961e-05, Episode Timestpes: 4500,
Epsiode Cummulative Reward: 1.4901161193847656e-06, Episode Timestpes: 4500,
Epsiode Cummulative Reward: 1.6808509826660156e-05, Episode Timestpes: 4500,
Epsiode Cummulative Reward: -1.1920928955078125e-07, Episode Timestpes: 4500,
Epsiode Cummulative Reward: 88.15298318862915, Episode Timestpes: 4500,
Epsiode Cummulative Reward: 397.91063499450684, Episode Timestpes: 4500,
Epsiode Cummulative Reward: -2.384185791015625e-06, Episode Timestpes: 4500,
Epsiode Cummulative Reward: 350.93283247947693, Episode Timestpes: 688,
Epsiode Cummulative Reward: 691.7910306453705, Episode Timestpes: 4500,
Epsiode Cummulative Reward: 705.2238757014275, Episode Timestpes: 4500,
Epsiode Cummulative Reward: 60.447758197784424, Episode Timestpes: 4500,
Epsiode Cummulative Reward: 362.6865625977516, Episode Timestpes: 2257,
Epsiode Cummulative Reward: 1655.5970087647438, Episode Timestpes: 4302,
Epsiode Cummulative Reward: 826.1193923950195, Episode Timestpes: 4500,
Epsiode Cummulative Reward: 5.245208740234375e-06, Episode Timestpes: 4500,
Epsiode Cummulative Reward: 778.2649146318436, Episode Timestpes: 254,
Epsiode Cummulative Reward: 2223.1343156695366, Episode Timestpes: 1504,
Epsiode Cummulative Reward: 866.3370605111122, Episode Timestpes: 4500,
Epsiode Cummulative Reward: 737.9663996100426, Episode Timestpes: 4500,
Epsiode Cummulative Reward: 691.7910379171371, Episode Timestpes: 4500,
Epsiode Cummulative Reward: 296.3342823982239, Episode Timestpes: 4500,
Epsiode Cummulative Reward: 700.1212171316147, Episode Timestpes: 4500,
Epsiode Cummulative Reward: 655.6902772784233, Episode Timestpes: 4500,
Epsiode Cummulative Reward: 143.56342959403992, Episode Timestpes: 4500,
Epsiode Cummulative Reward: 72.20149439573288, Episode Timestpes: 4500,
Epsiode Cummulative Reward: -5.662441253662109e-06, Episode Timestpes: 4500,
Epsiode Cummulative Reward: -2.1159648895263672e-05, Episode Timestpes: 4500,
Epsiode Cummulative Reward: 1.0728836059570312e-06, Episode Timestpes: 4500,
Epsiode Cummulative Reward: -1.0132789611816406e-06, Episode Timestpes: 4500,
Epsiode Cummulative Reward: 6.198883056640625e-06, Episode Timestpes: 4500,
Epsiode Cummulative Reward: 2.1457672119140625e-06, Episode Timestpes: 4500,
Epsiode Cummulative Reward: 0.0, Episode Timestpes: 4500,
Epsiode Cummulative Reward: -7.152557373046875e-07, Episode Timestpes: 4500,
Epsiode Cummulative Reward: -5.960464477539063e-08, Episode Timestpes: 4500,
Epsiode Cummulative Reward: 1.1324882507324219e-06, Episode Timestpes: 4500,
Epsiode Cummulative Reward: 2670.615658402443, Episode Timestpes: 4500,
Epsiode Cummulative Reward: 1619.3451847434044, Episode Timestpes: 4500,
Epsiode Cummulative Reward: 357.6492483019829, Episode Timestpes: 435,
Epsiode Cummulative Reward: 1171.1753500699997, Episode Timestpes: 4500,
Epsiode Cummulative Reward: 335.82088971138, Episode Timestpes: 603,
Epsiode Cummulative Reward: 1211.4738577008247, Episode Timestpes: 4500,
Epsiode Cummulative Reward: 2121.5484811663628, Episode Timestpes: 4500,
Epsiode Cummulative Reward: 1138.4328176379204, Episode Timestpes: 4500,
Epsiode Cummulative Reward: 1119.9626517891884, Episode Timestpes: 4500,
Epsiode Cummulative Reward: 761.4738621115685, Episode Timestpes: 4500,
Epsiode Cummulative Reward: 748.0410243272781, Episode Timestpes: 4500,
Epsiode Cummulative Reward: 590.2052128911018, Episode Timestpes: 4500,
Epsiode Cummulative Reward: 663.2462483048439, Episode Timestpes: 4500,
Epsiode Cummulative Reward: 577.6119330525398, Episode Timestpes: 2515,
Epsiode Cummulative Reward: 78.91790962219238, Episode Timestpes: 4500,
Epsiode Cummulative Reward: 92.35074424743652, Episode Timestpes: 4500,
Epsiode Cummulative Reward: 130.97014325857162, Episode Timestpes: 4500,
Epsiode Cummulative Reward: 130.97014999389648, Episode Timestpes: 4500,
Epsiode Cummulative Reward: 576.7723783254623, Episode Timestpes: 4500,
Epsiode Cummulative Reward: 652.3320762515068, Episode Timestpes: 4500,
Epsiode Cummulative Reward: 345.8955172300339, Episode Timestpes: 333,
Epsiode Cummulative Reward: 1199.7201340794563, Episode Timestpes: 4500,
Epsiode Cummulative Reward: 1694.8978521227837, Episode Timestpes: 4285,
Epsiode Cummulative Reward: 2224.8134305477142, Episode Timestpes: 2186,
Epsiode Cummulative Reward: 2123.2275837659836, Episode Timestpes: 2968,
Epsiode Cummulative Reward: 2768.8432565927505, Episode Timestpes: 2878,
Epsiode Cummulative Reward: 2792.350711941719, Episode Timestpes: 3401,
Epsiode Cummulative Reward: 1696.7350478768349, Episode Timestpes: 1256,
Epsiode Cummulative Reward: 1693.3768468499184, Episode Timestpes: 769,
Epsiode Cummulative Reward: 1688.339536190033, Episode Timestpes: 1083,
Epsiode Cummulative Reward: 2236.567136287689, Episode Timestpes: 959,
Epsiode Cummulative Reward: 2159.3283296227455, Episode Timestpes: 1951,
Epsiode Cummulative Reward: 2230.690274298191, Episode Timestpes: 2528,
Epsiode Cummulative Reward: 1643.8432667255402, Episode Timestpes: 706,
Epsiode Cummulative Reward: 2774.720119059086, Episode Timestpes: 1575,
Epsiode Cummulative Reward: 1695.8955010175705, Episode Timestpes: 720,
Epsiode Cummulative Reward: 2225.4453647732735, Episode Timestpes: 1360,
Epsiode Cummulative Reward: 3016.5111396312714, Episode Timestpes: 4500,
Epsiode Cummulative Reward: 3023.2275573015213, Episode Timestpes: 4500,
Epsiode Cummulative Reward: 2225.652954995632, Episode Timestpes: 1181,
Epsiode Cummulative Reward: 2137.4999809265137, Episode Timestpes: 1595,
Epsiode Cummulative Reward: 2217.890087246895, Episode Timestpes: 1599,
Epsiode Cummulative Reward: 2117.350733280182, Episode Timestpes: 950,
Epsiode Cummulative Reward: 2155.97011500597, Episode Timestpes: 2307,
Epsiode Cummulative Reward: 1641.3246169686317, Episode Timestpes: 2065,
Epsiode Cummulative Reward: 1.2755393981933594e-05, Episode Timestpes: 4500,
Epsiode Cummulative Reward: -4.172325134277344e-07, Episode Timestpes: 4500,
Epsiode Cummulative Reward: 2.86102294921875e-06, Episode Timestpes: 4500,
Epsiode Cummulative Reward: 9.894371032714844e-06, Episode Timestpes: 4500,
Epsiode Cummulative Reward: -1.7285346984863281e-06, Episode Timestpes: 4500,
Epsiode Cummulative Reward: 3.0994415283203125e-06, Episode Timestpes: 4500,
Epsiode Cummulative Reward: 0.0, Episode Timestpes: 4500,
Epsiode Cummulative Reward: -2.3245811462402344e-06, Episode Timestpes: 4500,
Epsiode Cummulative Reward: 2.682209014892578e-06, Episode Timestpes: 4500,
Epsiode Cummulative Reward: 1.6093254089355469e-06, Episode Timestpes: 4500,
Epsiode Cummulative Reward: 4.76837158203125e-06, Episode Timestpes: 4500,
Epsiode Cummulative Reward: 357.6492511034012, Episode Timestpes: 3608,
Epsiode Cummulative Reward: 706.0634244084358, Episode Timestpes: 4500,
Epsiode Cummulative Reward: 783.3022194504738, Episode Timestpes: 4500,
Epsiode Cummulative Reward: -1.8477439880371094e-05, Episode Timestpes: 4500,
Epsiode Cummulative Reward: 937.6923362016678, Episode Timestpes: 4500,
Epsiode Cummulative Reward: 688.4328382015228, Episode Timestpes: 4500,
Epsiode Cummulative Reward: 366.04477286338806, Episode Timestpes: 912,
Epsiode Cummulative Reward: 4.197765827178955, Episode Timestpes: 4500,
Epsiode Cummulative Reward: 11.752631723880768, Episode Timestpes: 4500,
Epsiode Cummulative Reward: 53.73134881258011, Episode Timestpes: 4500,
Epsiode Cummulative Reward: 0.0, Episode Timestpes: 4500,
Epsiode Cummulative Reward: 2.384185791015625e-07, Episode Timestpes: 4500,
Epsiode Cummulative Reward: 1.0132789611816406e-06, Episode Timestpes: 4500,
Epsiode Cummulative Reward: -3.874301910400391e-06, Episode Timestpes: 4500,
Epsiode Cummulative Reward: 296.33429861068726, Episode Timestpes: 4500,
Epsiode Cummulative Reward: 2.562999725341797e-06, Episode Timestpes: 4500,
Epsiode Cummulative Reward: 6.556510925292969e-07, Episode Timestpes: 4500,
Epsiode Cummulative Reward: 1.7881393432617188e-07, Episode Timestpes: 4500,
Epsiode Cummulative Reward: 8.940696716308594e-07, Episode Timestpes: 4500,
Epsiode Cummulative Reward: 1.430511474609375e-06, Episode Timestpes: 4500,
Epsiode Cummulative Reward: -2.5033950805664062e-06, Episode Timestpes: 4500,
Epsiode Cummulative Reward: 8.52346420288086e-06, Episode Timestpes: 4500,
Epsiode Cummulative Reward: 6.4373016357421875e-06, Episode Timestpes: 4500,
Epsiode Cummulative Reward: 0.0, Episode Timestpes: 4500,
Epsiode Cummulative Reward: 1.7881393432617188e-07, Episode Timestpes: 4500,
Epsiode Cummulative Reward: -2.2649765014648438e-06, Episode Timestpes: 4500,
Epsiode Cummulative Reward: 5.304813385009766e-06, Episode Timestpes: 4500,
Epsiode Cummulative Reward: 0.0, Episode Timestpes: 4500,
Epsiode Cummulative Reward: 0.0, Episode Timestpes: 4500,
Epsiode Cummulative Reward: 1.7285346984863281e-06, Episode Timestpes: 4500,
Epsiode Cummulative Reward: 0.0, Episode Timestpes: 4500,
Epsiode Cummulative Reward: 3.039836883544922e-06, Episode Timestpes: 4500,
Epsiode Cummulative Reward: 4.291534423828125e-06, Episode Timestpes: 4500,
Epsiode Cummulative Reward: 9.715557098388672e-06, Episode Timestpes: 4500,
Epsiode Cummulative Reward: 59.602654814720154, Episode Timestpes: 4500,
Epsiode Cummulative Reward: -1.0132789611816406e-06, Episode Timestpes: 4500,
Epsiode Cummulative Reward: 1.4901161193847656e-06, Episode Timestpes: 4500,
Epsiode Cummulative Reward: 2.5186557173728943, Episode Timestpes: 4500,
Epsiode Cummulative Reward: 5.304813385009766e-06, Episode Timestpes: 4500,
Epsiode Cummulative Reward: 97.38805890083313, Episode Timestpes: 4500,
Epsiode Cummulative Reward: 679.197756767273, Episode Timestpes: 4500,
Epsiode Cummulative Reward: 882.3693716526031, Episode Timestpes: 4500,
Epsiode Cummulative Reward: 1676.58579403162, Episode Timestpes: 1556,
Epsiode Cummulative Reward: 1674.9066941738129, Episode Timestpes: 1588,
Epsiode Cummulative Reward: 2240.5558977127075, Episode Timestpes: 740,
Epsiode Cummulative Reward: 2218.096979498863, Episode Timestpes: 1109,
Epsiode Cummulative Reward: 4660.354409277439, Episode Timestpes: 4500,
Epsiode Cummulative Reward: 2764.6454825401306, Episode Timestpes: 3688,
Epsiode Cummulative Reward: 2229.8507177233696, Episode Timestpes: 1197,
Epsiode Cummulative Reward: 4584.7947053313255, Episode Timestpes: 4500,
Epsiode Cummulative Reward: 4618.376783788204, Episode Timestpes: 4500,
Epsiode Cummulative Reward: 2243.2835465073586, Episode Timestpes: 1074,
Epsiode Cummulative Reward: 1691.6977360844612, Episode Timestpes: 970,
Epsiode Cummulative Reward: 1648.8805790543556, Episode Timestpes: 1001,
Epsiode Cummulative Reward: 3046.735020160675, Episode Timestpes: 4500,
Epsiode Cummulative Reward: 3099.6268300414085, Episode Timestpes: 1196,
Epsiode Cummulative Reward: 2798.2275679707527, Episode Timestpes: 1921,
Epsiode Cummulative Reward: 4966.79095941782, Episode Timestpes: 4500,
Epsiode Cummulative Reward: 2797.3880192637444, Episode Timestpes: 2255,
Epsiode Cummulative Reward: 4967.6305221915245, Episode Timestpes: 4500,
Epsiode Cummulative Reward: 1652.238786995411, Episode Timestpes: 322,
Epsiode Cummulative Reward: 5478.078284263611, Episode Timestpes: 4500,
Epsiode Cummulative Reward: 3075.2798160910606, Episode Timestpes: 1153,
Epsiode Cummulative Reward: 4867.723804295063, Episode Timestpes: 4500,
Epsiode Cummulative Reward: 2788.1529455780983, Episode Timestpes: 1821,
Epsiode Cummulative Reward: 2198.787288069725, Episode Timestpes: 1088,
Epsiode Cummulative Reward: 2984.3297543525696, Episode Timestpes: 4500,
Epsiode Cummulative Reward: 4929.850667178631, Episode Timestpes: 4500,
Epsiode Cummulative Reward: 1660.6343098282814, Episode Timestpes: 1122,
Epsiode Cummulative Reward: 2197.7427169680595, Episode Timestpes: 994,
Epsiode Cummulative Reward: 4950.839480042458, Episode Timestpes: 4500,
Epsiode Cummulative Reward: 2234.888025164604, Episode Timestpes: 2286,
Epsiode Cummulative Reward: 2225.6529374718666, Episode Timestpes: 2935,
Epsiode Cummulative Reward: 2775.5596837997437, Episode Timestpes: 852,
Epsiode Cummulative Reward: 2795.7089217305183, Episode Timestpes: 1338,
Epsiode Cummulative Reward: 1210.6343145370483, Episode Timestpes: 4500,
Epsiode Cummulative Reward: 3961.0074223279953, Episode Timestpes: 4500,
Epsiode Cummulative Reward: 2225.6529588103294, Episode Timestpes: 3470,
Epsiode Cummulative Reward: 1232.4626670479774, Episode Timestpes: 4500,
Epsiode Cummulative Reward: 1380.2238597273827, Episode Timestpes: 4500,
Epsiode Cummulative Reward: 2208.8619062304497, Episode Timestpes: 1460,
Epsiode Cummulative Reward: 2219.7760874032974, Episode Timestpes: 3071,
Epsiode Cummulative Reward: 4268.283558607101, Episode Timestpes: 4057,
Epsiode Cummulative Reward: 2118.832156419754, Episode Timestpes: 3156,
Epsiode Cummulative Reward: 1682.4626611471176, Episode Timestpes: 1519,
Epsiode Cummulative Reward: 1639.6455009579659, Episode Timestpes: 1530,
Epsiode Cummulative Reward: 1230.7835698127747, Episode Timestpes: 4500,
Epsiode Cummulative Reward: 2212.220124602318, Episode Timestpes: 2580,
Epsiode Cummulative Reward: 3810.7275802493095, Episode Timestpes: 4500,
Epsiode Cummulative Reward: 1644.6828143000603, Episode Timestpes: 2985,
Epsiode Cummulative Reward: 2158.488780796528, Episode Timestpes: 1209,
Epsiode Cummulative Reward: 1690.0186388492584, Episode Timestpes: 970,
Epsiode Cummulative Reward: 1146.8283467888832, Episode Timestpes: 4500,
Epsiode Cummulative Reward: 1140.9514722824097, Episode Timestpes: 4500,
Epsiode Cummulative Reward: 744.6828166246414, Episode Timestpes: 4500,
Epsiode Cummulative Reward: 2149.053220450878, Episode Timestpes: 4165,
Epsiode Cummulative Reward: 2147.5746127963066, Episode Timestpes: 2632,
Epsiode Cummulative Reward: 1651.3992365002632, Episode Timestpes: 4254,
Epsiode Cummulative Reward: 1124.9999732971191, Episode Timestpes: 4500,
Epsiode Cummulative Reward: 2202.7795666456223, Episode Timestpes: 776,
Epsiode Cummulative Reward: 2206.343261539936, Episode Timestpes: 1095,
Epsiode Cummulative Reward: 1643.8432622551918, Episode Timestpes: 2183,
Epsiode Cummulative Reward: 2216.41788482666, Episode Timestpes: 911,
Epsiode Cummulative Reward: 2219.7760967612267, Episode Timestpes: 1568,
Epsiode Cummulative Reward: 1659.639931857586, Episode Timestpes: 924,
Epsiode Cummulative Reward: 2207.182812809944, Episode Timestpes: 866,
Epsiode Cummulative Reward: 2791.511151969433, Episode Timestpes: 1887,
Epsiode Cummulative Reward: 2767.1641431450844, Episode Timestpes: 1094,
Epsiode Cummulative Reward: 2208.6558812856674, Episode Timestpes: 694,
Epsiode Cummulative Reward: 2793.7692120075226, Episode Timestpes: 1697,
Epsiode Cummulative Reward: 2169.402957677841, Episode Timestpes: 1293,
Epsiode Cummulative Reward: 2786.4738532304764, Episode Timestpes: 1836,
Epsiode Cummulative Reward: 6649.253648996353, Episode Timestpes: 4500,
Epsiode Cummulative Reward: 2783.115640282631, Episode Timestpes: 1480,
Epsiode Cummulative Reward: 5932.2760508060455, Episode Timestpes: 4500,
Epsiode Cummulative Reward: 5480.596939861774, Episode Timestpes: 4500,
Epsiode Cummulative Reward: 2772.2014582157135, Episode Timestpes: 1520,
Epsiode Cummulative Reward: 1694.2163968086243, Episode Timestpes: 611,
Epsiode Cummulative Reward: 4387.499938070774, Episode Timestpes: 1824,
Epsiode Cummulative Reward: 4955.0372477173805, Episode Timestpes: 4500,
Epsiode Cummulative Reward: 2239.0857894420624, Episode Timestpes: 1023,
Epsiode Cummulative Reward: 2161.0074346661568, Episode Timestpes: 751,
Epsiode Cummulative Reward: 411.3805904984474, Episode Timestpes: 507,
Epsiode Cummulative Reward: 2792.350704729557, Episode Timestpes: 1811,
Epsiode Cummulative Reward: 7185.727549493313, Episode Timestpes: 2305,
Epsiode Cummulative Reward: 2772.2014578580856, Episode Timestpes: 2444,
Epsiode Cummulative Reward: 2189.552210509777, Episode Timestpes: 957,
Epsiode Cummulative Reward: 2767.164149105549, Episode Timestpes: 948,
Epsiode Cummulative Reward: 1637.8136162757874, Episode Timestpes: 847,
Epsiode Cummulative Reward: 2778.078308403492, Episode Timestpes: 1442,
Epsiode Cummulative Reward: 2783.115641951561, Episode Timestpes: 984,
Epsiode Cummulative Reward: 2779.757424592972, Episode Timestpes: 1070,
Epsiode Cummulative Reward: 5998.600668370724, Episode Timestpes: 4500,
Epsiode Cummulative Reward: 2207.182807981968, Episode Timestpes: 821,
Epsiode Cummulative Reward: 2794.0298218131065, Episode Timestpes: 644,
Epsiode Cummulative Reward: 2794.8693611621857, Episode Timestpes: 1134,
Epsiode Cummulative Reward: 2767.1641294956207, Episode Timestpes: 1787,
Epsiode Cummulative Reward: 5532.649171888828, Episode Timestpes: 4500,
Epsiode Cummulative Reward: 5575.466305792332, Episode Timestpes: 4500,
Epsiode Cummulative Reward: 2784.7947439551353, Episode Timestpes: 526,
Epsiode Cummulative Reward: 5612.406646311283, Episode Timestpes: 4500,
Epsiode Cummulative Reward: 5515.018572151661, Episode Timestpes: 4014,
Epsiode Cummulative Reward: 4970.988740801811, Episode Timestpes: 4500,
Epsiode Cummulative Reward: 2217.8900896310806, Episode Timestpes: 1156,
Epsiode Cummulative Reward: 2785.3744288682938, Episode Timestpes: 2946,
Epsiode Cummulative Reward: 7077.425293803215, Episode Timestpes: 4014,
Epsiode Cummulative Reward: 2798.2275769114494, Episode Timestpes: 1477,
Epsiode Cummulative Reward: 2213.059669613838, Episode Timestpes: 1123,
Epsiode Cummulative Reward: 2780.5969812870026, Episode Timestpes: 1685,
Epsiode Cummulative Reward: 2791.511146068573, Episode Timestpes: 2217,
Epsiode Cummulative Reward: 1641.324604332447, Episode Timestpes: 475,
Epsiode Cummulative Reward: 2771.3618936538696, Episode Timestpes: 1923,
Epsiode Cummulative Reward: 5029.757384836674, Episode Timestpes: 4500,
Epsiode Cummulative Reward: 2187.8731096982956, Episode Timestpes: 488,
Epsiode Cummulative Reward: 4887.033500671387, Episode Timestpes: 4500,
Epsiode Cummulative Reward: 1680.7835683226585, Episode Timestpes: 536,
Epsiode Cummulative Reward: 3043.376801073551, Episode Timestpes: 4500,
Epsiode Cummulative Reward: 2794.6086512207985, Episode Timestpes: 2313,
Epsiode Cummulative Reward: 1647.2014710307121, Episode Timestpes: 696,
Epsiode Cummulative Reward: 4986.475053369999, Episode Timestpes: 4500,
Epsiode Cummulative Reward: 3434.608162820339, Episode Timestpes: 4500,
Epsiode Cummulative Reward: 2787.313391625881, Episode Timestpes: 1957,
Epsiode Cummulative Reward: 1641.3246116042137, Episode Timestpes: 665,
Epsiode Cummulative Reward: 2789.8320571780205, Episode Timestpes: 1219,
Epsiode Cummulative Reward: 2785.6342830061913, Episode Timestpes: 2275,
Epsiode Cummulative Reward: 1644.6828181147575, Episode Timestpes: 702,
Epsiode Cummulative Reward: 3004.7574213147163, Episode Timestpes: 4500,
Epsiode Cummulative Reward: 2772.2014533877373, Episode Timestpes: 1364,
Epsiode Cummulative Reward: 4946.641710817814, Episode Timestpes: 4500,
Epsiode Cummulative Reward: 2770.5223509073257, Episode Timestpes: 1032,
Epsiode Cummulative Reward: 1655.596994459629, Episode Timestpes: 550,
Epsiode Cummulative Reward: 2777.238773405552, Episode Timestpes: 725,
Epsiode Cummulative Reward: 4865.205143213272, Episode Timestpes: 4500,
Epsiode Cummulative Reward: 5675.373039126396, Episode Timestpes: 4500,
Epsiode Cummulative Reward: 2776.140247285366, Episode Timestpes: 768,
Epsiode Cummulative Reward: 1654.7574452757835, Episode Timestpes: 1205,
Epsiode Cummulative Reward: 3020.708907365799, Episode Timestpes: 4500,
Epsiode Cummulative Reward: 1644.6828204989433, Episode Timestpes: 1728,
Epsiode Cummulative Reward: 2768.8432481884956, Episode Timestpes: 2641,
Epsiode Cummulative Reward: 1643.8432656526566, Episode Timestpes: 654,
Epsiode Cummulative Reward: 2775.5596714019775, Episode Timestpes: 2017,
Epsiode Cummulative Reward: 1640.485048353672, Episode Timestpes: 1367,
Epsiode Cummulative Reward: 1821.8283264636993, Episode Timestpes: 4500,
Epsiode Cummulative Reward: 2796.5484825372696, Episode Timestpes: 2148,
Epsiode Cummulative Reward: 4419.4029487371445, Episode Timestpes: 1787,
Epsiode Cummulative Reward: 2779.757432460785, Episode Timestpes: 1198,
Epsiode Cummulative Reward: 2190.391765296459, Episode Timestpes: 1320,
Epsiode Cummulative Reward: 2797.3880222439766, Episode Timestpes: 2691,
Epsiode Cummulative Reward: 5639.272297799587, Episode Timestpes: 4500,
Epsiode Cummulative Reward: 5907.929006576538, Episode Timestpes: 4500,
Epsiode Cummulative Reward: 5005.410391271114, Episode Timestpes: 4500,
Epsiode Cummulative Reward: 2790.6715975403786, Episode Timestpes: 2179,
Epsiode Cummulative Reward: 360.16790503263474, Episode Timestpes: 71,
Epsiode Cummulative Reward: 5607.369306087494, Episode Timestpes: 4500,
Epsiode Cummulative Reward: 2768.58499532938, Episode Timestpes: 529,
Epsiode Cummulative Reward: 5891.13797724247, Episode Timestpes: 4500,
Epsiode Cummulative Reward: 4996.1752816438675, Episode Timestpes: 4500,
Epsiode Cummulative Reward: 2765.485042691231, Episode Timestpes: 927,
Epsiode Cummulative Reward: 4946.641734361649, Episode Timestpes: 4500,
Epsiode Cummulative Reward: 3071.921588540077, Episode Timestpes: 4500,
Epsiode Cummulative Reward: 1657.2760972380638, Episode Timestpes: 980,
Epsiode Cummulative Reward: 2773.6218338012695, Episode Timestpes: 1784,
Epsiode Cummulative Reward: 4385.820835828781, Episode Timestpes: 1179,
Epsiode Cummulative Reward: 2787.8928530812263, Episode Timestpes: 2207,
Epsiode Cummulative Reward: 2764.6454924941063, Episode Timestpes: 916,
Epsiode Cummulative Reward: 5618.59891140461, Episode Timestpes: 3236,
Epsiode Cummulative Reward: 3470.7088829874992, Episode Timestpes: 4500,
Epsiode Cummulative Reward: 5592.257370054722, Episode Timestpes: 4500,
Epsiode Cummulative Reward: 2785.6342933773994, Episode Timestpes: 1268,
Epsiode Cummulative Reward: 5677.0521495342255, Episode Timestpes: 4500,
Epsiode Cummulative Reward: 2246.6417667865753, Episode Timestpes: 642,
Epsiode Cummulative Reward: 2764.645483314991, Episode Timestpes: 2138,
Epsiode Cummulative Reward: 2769.4244809150696, Episode Timestpes: 689,
Epsiode Cummulative Reward: 4859.328271508217, Episode Timestpes: 4500,
Epsiode Cummulative Reward: 5086.846934080124, Episode Timestpes: 2999,
Epsiode Cummulative Reward: 1685.8208745718002, Episode Timestpes: 566,
Epsiode Cummulative Reward: 363.52611434459686, Episode Timestpes: 137,
Epsiode Cummulative Reward: 5588.899161815643, Episode Timestpes: 4500,
Epsiode Cummulative Reward: 4989.45886939764, Episode Timestpes: 4500,
Epsiode Cummulative Reward: 1695.8954990506172, Episode Timestpes: 523,
Epsiode Cummulative Reward: 8503.824504613876, Episode Timestpes: 4500,
Epsiode Cummulative Reward: 2784.7947402596474, Episode Timestpes: 567,
Epsiode Cummulative Reward: 7306.6230483055115, Episode Timestpes: 4500,
Epsiode Cummulative Reward: 5965.858112215996, Episode Timestpes: 4500,
Epsiode Cummulative Reward: 2766.0665625333786, Episode Timestpes: 743,
Epsiode Cummulative Reward: 1674.9066970348358, Episode Timestpes: 605,
Epsiode Cummulative Reward: 1637.1268486380577, Episode Timestpes: 442,
Epsiode Cummulative Reward: 2213.899228990078, Episode Timestpes: 606,
Epsiode Cummulative Reward: 348.41417396068573, Episode Timestpes: 130,
Epsiode Cummulative Reward: 8513.899134218693, Episode Timestpes: 4500,
Epsiode Cummulative Reward: 2765.4850363731384, Episode Timestpes: 766,
Epsiode Cummulative Reward: 3259.9813064336777, Episode Timestpes: 1358,
Epsiode Cummulative Reward: 2773.0410081148148, Episode Timestpes: 1136,
Epsiode Cummulative Reward: 2684.6375682353973, Episode Timestpes: 4500,
Epsiode Cummulative Reward: 2783.1156266331673, Episode Timestpes: 959,
Epsiode Cummulative Reward: 1648.0410297513008, Episode Timestpes: 770,
Epsiode Cummulative Reward: 2649.626826584339, Episode Timestpes: 4500,
Epsiode Cummulative Reward: 2215.5783336162567, Episode Timestpes: 1062,
Epsiode Cummulative Reward: 2770.52234429121, Episode Timestpes: 2167,
Epsiode Cummulative Reward: 2769.6828033924103, Episode Timestpes: 4359,
Epsiode Cummulative Reward: 1689.17908680439, Episode Timestpes: 739,
Epsiode Cummulative Reward: 2770.522360444069, Episode Timestpes: 615,
Epsiode Cummulative Reward: 2767.1641435027122, Episode Timestpes: 1457,
Epsiode Cummulative Reward: 2774.720107316971, Episode Timestpes: 3078,
Epsiode Cummulative Reward: 1423.8805770874023, Episode Timestpes: 429,
Epsiode Cummulative Reward: 2770.522355258465, Episode Timestpes: 2691,
Epsiode Cummulative Reward: 2713.432806491852, Episode Timestpes: 4500,
Epsiode Cummulative Reward: 2794.8693677186966, Episode Timestpes: 1522,
Epsiode Cummulative Reward: 2767.1641513705254, Episode Timestpes: 1789,
Epsiode Cummulative Reward: 2769.682799577713, Episode Timestpes: 987,
Epsiode Cummulative Reward: 3794.4220916628838, Episode Timestpes: 4500,
Epsiode Cummulative Reward: 2777.238784790039, Episode Timestpes: 740,
Epsiode Cummulative Reward: 5402.854105949402, Episode Timestpes: 4500,
Epsiode Cummulative Reward: 2783.1156217455864, Episode Timestpes: 3014,
Epsiode Cummulative Reward: 1656.4365498423576, Episode Timestpes: 838,
Epsiode Cummulative Reward: 5635.074536442757, Episode Timestpes: 4500,
Epsiode Cummulative Reward: 7671.8282552957535, Episode Timestpes: 4500,
Epsiode Cummulative Reward: 8529.850637614727, Episode Timestpes: 4500,
Epsiode Cummulative Reward: 4960.914097011089, Episode Timestpes: 4500,
Epsiode Cummulative Reward: 5907.089480876923, Episode Timestpes: 4500,
Epsiode Cummulative Reward: 3081.156642496586, Episode Timestpes: 4500,
Epsiode Cummulative Reward: 1645.5223689079285, Episode Timestpes: 554,
Epsiode Cummulative Reward: 2793.1902626752853, Episode Timestpes: 2772,
Epsiode Cummulative Reward: 5618.283500909805, Episode Timestpes: 4500,
Epsiode Cummulative Reward: 5956.623057067394, Episode Timestpes: 4500,
Epsiode Cummulative Reward: 3081.1566882133484, Episode Timestpes: 1309,
Epsiode Cummulative Reward: 5526.772302746773, Episode Timestpes: 4500,
Epsiode Cummulative Reward: 5627.518549084663, Episode Timestpes: 4218,
Epsiode Cummulative Reward: 5641.790927708149, Episode Timestpes: 4500,
Epsiode Cummulative Reward: 2208.022364616394, Episode Timestpes: 527,
Epsiode Cummulative Reward: 1693.3768428564072, Episode Timestpes: 570,
Epsiode Cummulative Reward: 5621.11735445261, Episode Timestpes: 4500,
Epsiode Cummulative Reward: 2844.9770925045013, Episode Timestpes: 2070,
Epsiode Cummulative Reward: 4645.648631870747, Episode Timestpes: 4500,
Epsiode Cummulative Reward: 2790.6715952157974, Episode Timestpes: 2445,
Epsiode Cummulative Reward: 2792.350713610649, Episode Timestpes: 1764,
Epsiode Cummulative Reward: 2774.720115661621, Episode Timestpes: 381,
Epsiode Cummulative Reward: 2766.9060467481613, Episode Timestpes: 839,
Epsiode Cummulative Reward: 4217.070834338665, Episode Timestpes: 3550,
Epsiode Cummulative Reward: 2236.567147374153, Episode Timestpes: 485,
Epsiode Cummulative Reward: 2775.5596663355827, Episode Timestpes: 591,
Epsiode Cummulative Reward: 2766.3246077895164, Episode Timestpes: 992,
Epsiode Cummulative Reward: 2773.880558371544, Episode Timestpes: 2506,
Epsiode Cummulative Reward: 2227.332060813904, Episode Timestpes: 748,
Epsiode Cummulative Reward: 2189.347995519638, Episode Timestpes: 681,
Epsiode Cummulative Reward: 1679.9440103769302, Episode Timestpes: 459,
Epsiode Cummulative Reward: 1426.3992347121239, Episode Timestpes: 481,
Epsiode Cummulative Reward: 2207.1828113794327, Episode Timestpes: 543,
Epsiode Cummulative Reward: 2195.429073035717, Episode Timestpes: 743,
Epsiode Cummulative Reward: 2234.0484758019447, Episode Timestpes: 1202,
Epsiode Cummulative Reward: 1644.682812988758, Episode Timestpes: 1391,
Epsiode Cummulative Reward: 4597.798639297485, Episode Timestpes: 4500,
Epsiode Cummulative Reward: 2187.8731144070625, Episode Timestpes: 2281,
Epsiode Cummulative Reward: 2213.059674859047, Episode Timestpes: 1567,
Epsiode Cummulative Reward: 1637.9663965702057, Episode Timestpes: 2242,
Epsiode Cummulative Reward: 1636.2872922420502, Episode Timestpes: 861,
Epsiode Cummulative Reward: 407.9843273162842, Episode Timestpes: 131,
Epsiode Cummulative Reward: 1635.4477424621582, Episode Timestpes: 854,
Epsiode Cummulative Reward: 2197.9477555155754, Episode Timestpes: 1689,
Epsiode Cummulative Reward: 2207.18281185627, Episode Timestpes: 508,
Epsiode Cummulative Reward: 4546.175316989422, Episode Timestpes: 4500,
Epsiode Cummulative Reward: 2769.6828025579453, Episode Timestpes: 1296,
Epsiode Cummulative Reward: 2797.127077758312, Episode Timestpes: 1661,
Epsiode Cummulative Reward: 5033.115591108799, Episode Timestpes: 4500,
Epsiode Cummulative Reward: 2215.5783309936523, Episode Timestpes: 594,
Epsiode Cummulative Reward: 4858.488722860813, Episode Timestpes: 4500,
Epsiode Cummulative Reward: 5084.328293502331, Episode Timestpes: 2118,
Epsiode Cummulative Reward: 4730.037215828896, Episode Timestpes: 4500,
Epsiode Cummulative Reward: 5568.749911248684, Episode Timestpes: 4500,
Epsiode Cummulative Reward: 5569.589475989342, Episode Timestpes: 4500,
Epsiode Cummulative Reward: 2217.257439851761, Episode Timestpes: 730,
Epsiode Cummulative Reward: 7174.813343048096, Episode Timestpes: 4333,
Epsiode Cummulative Reward: 2791.250756621361, Episode Timestpes: 1767,
Epsiode Cummulative Reward: 2790.6716125011444, Episode Timestpes: 1198,
Epsiode Cummulative Reward: 2765.4850394129753, Episode Timestpes: 597,
Epsiode Cummulative Reward: 2773.0410119891167, Episode Timestpes: 1029,
Epsiode Cummulative Reward: 2763.805930018425, Episode Timestpes: 1365,
Epsiode Cummulative Reward: 5610.7275024056435, Episode Timestpes: 4500,
Epsiode Cummulative Reward: 1636.2872965335846, Episode Timestpes: 309,
Epsiode Cummulative Reward: 2792.35071259737, Episode Timestpes: 1064,
Epsiode Cummulative Reward: 2207.18281018734, Episode Timestpes: 572,
Epsiode Cummulative Reward: 2792.3507091403008, Episode Timestpes: 1380,
Epsiode Cummulative Reward: 5102.798445522785, Episode Timestpes: 1589,
Epsiode Cummulative Reward: 4671.268568396568, Episode Timestpes: 4500,
Epsiode Cummulative Reward: 2975.3730840086937, Episode Timestpes: 4500,
Epsiode Cummulative Reward: 2791.5111619234085, Episode Timestpes: 1312,
Epsiode Cummulative Reward: 4658.240731239319, Episode Timestpes: 4500,
Epsiode Cummulative Reward: 2972.014884710312, Episode Timestpes: 906,
Epsiode Cummulative Reward: 3078.638018012047, Episode Timestpes: 4500,
Epsiode Cummulative Reward: 2785.6342723965645, Episode Timestpes: 4286,
Epsiode Cummulative Reward: 2655.5036714673042, Episode Timestpes: 3036,
Epsiode Cummulative Reward: 2233.2089307308197, Episode Timestpes: 2579,
Epsiode Cummulative Reward: 580.1305882930756, Episode Timestpes: 372,
Epsiode Cummulative Reward: 3003.9178832769394, Episode Timestpes: 4500,
Epsiode Cummulative Reward: 359.32835733890533, Episode Timestpes: 73,
Epsiode Cummulative Reward: -4.0531158447265625e-05, Episode Timestpes: 4500,
Epsiode Cummulative Reward: 2192.9103986024857, Episode Timestpes: 3759,
Epsiode Cummulative Reward: 2207.182820558548, Episode Timestpes: 2046,
Epsiode Cummulative Reward: 420.61568462848663, Episode Timestpes: 847,
Epsiode Cummulative Reward: 2229.850726246834, Episode Timestpes: 782,
Epsiode Cummulative Reward: 1649.7201354503632, Episode Timestpes: 1906,
Epsiode Cummulative Reward: 2225.6529745459557, Episode Timestpes: 1171,
Epsiode Cummulative Reward: 2225.652966082096, Episode Timestpes: 2511,
Epsiode Cummulative Reward: 2511.100694000721, Episode Timestpes: 4500,
Epsiode Cummulative Reward: 83.11567389965057, Episode Timestpes: 4500,
Epsiode Cummulative Reward: 453.3582068681717, Episode Timestpes: 94,
Epsiode Cummulative Reward: 443.28357630968094, Episode Timestpes: 2531,
Epsiode Cummulative Reward: 2233.2089490890503, Episode Timestpes: 3272,
Epsiode Cummulative Reward: 0.0, Episode Timestpes: 4500,
Epsiode Cummulative Reward: 0.0, Episode Timestpes: 4500,
Epsiode Cummulative Reward: 88.98423862457275, Episode Timestpes: 4500,
Epsiode Cummulative Reward: 1159.4216233491898, Episode Timestpes: 4500,
Epsiode Cummulative Reward: 1650.5596806406975, Episode Timestpes: 1389,
Epsiode Cummulative Reward: 2235.727590203285, Episode Timestpes: 3721,
Epsiode Cummulative Reward: -1.6987323760986328e-05, Episode Timestpes: 4500,
Epsiode Cummulative Reward: 0.0, Episode Timestpes: 4500,
Epsiode Cummulative Reward: 1.1920928955078125e-06, Episode Timestpes: 4500,
Epsiode Cummulative Reward: 0.0, Episode Timestpes: 4500,
Epsiode Cummulative Reward: 0.0, Episode Timestpes: 4500,
Epsiode Cummulative Reward: 9.5367431640625e-07, Episode Timestpes: 4500,
Epsiode Cummulative Reward: 3.337860107421875e-06, Episode Timestpes: 4500,
Epsiode Cummulative Reward: 1017.5373071432114, Episode Timestpes: 4500,
Epsiode Cummulative Reward: 451.67909705638885, Episode Timestpes: 555,
Epsiode Cummulative Reward: 873.0528599023819, Episode Timestpes: 4500,
Epsiode Cummulative Reward: 352.6119301915169, Episode Timestpes: 457,
Epsiode Cummulative Reward: 1678.264894604683, Episode Timestpes: 2200,
Epsiode Cummulative Reward: 1636.2872873544693, Episode Timestpes: 2791,
Epsiode Cummulative Reward: 2766.906037092209, Episode Timestpes: 4500,
Epsiode Cummulative Reward: 2764.387606739998, Episode Timestpes: 1825,
Epsiode Cummulative Reward: 2767.164143383503, Episode Timestpes: 1249,
Epsiode Cummulative Reward: 2626.958924293518, Episode Timestpes: 4500,
Epsiode Cummulative Reward: 2230.690279483795, Episode Timestpes: 370,
Epsiode Cummulative Reward: 2194.5895246863365, Episode Timestpes: 553,
Epsiode Cummulative Reward: 2911.5671405792236, Episode Timestpes: 950,
Epsiode Cummulative Reward: 2767.1641377210617, Episode Timestpes: 2164,
Epsiode Cummulative Reward: 2768.0036898851395, Episode Timestpes: 1576,
Epsiode Cummulative Reward: 2216.4178830981255, Episode Timestpes: 608,
Epsiode Cummulative Reward: 2764.6454884409904, Episode Timestpes: 494,
Epsiode Cummulative Reward: 2764.645487844944, Episode Timestpes: 1241,
Epsiode Cummulative Reward: 2244.1231102347374, Episode Timestpes: 461,
Epsiode Cummulative Reward: 3025.746213853359, Episode Timestpes: 4500,
Epsiode Cummulative Reward: 5902.891723930836, Episode Timestpes: 4500,
Epsiode Cummulative Reward: 2771.3619101047516, Episode Timestpes: 729,
Epsiode Cummulative Reward: 3055.6850123405457, Episode Timestpes: 4500,
Epsiode Cummulative Reward: 2769.682799100876, Episode Timestpes: 582,
Epsiode Cummulative Reward: 2208.0223608613014, Episode Timestpes: 503,
Epsiode Cummulative Reward: 4973.507392644882, Episode Timestpes: 4500,
Epsiode Cummulative Reward: 8467.723762869835, Episode Timestpes: 4500,
Epsiode Cummulative Reward: 5633.395429432392, Episode Timestpes: 4500,
Epsiode Cummulative Reward: 362.6865634918213, Episode Timestpes: 76,
Epsiode Cummulative Reward: 2977.0521965026855, Episode Timestpes: 4500,
Epsiode Cummulative Reward: 2770.2639465928078, Episode Timestpes: 1556,
Epsiode Cummulative Reward: 2686.5671302080154, Episode Timestpes: 4500,
Epsiode Cummulative Reward: 0.0, Episode Timestpes: 4500,
Epsiode Cummulative Reward: 0.0, Episode Timestpes: 4500,
Epsiode Cummulative Reward: 0.0, Episode Timestpes: 4500,
Epsiode Cummulative Reward: 0.0, Episode Timestpes: 4500,
Epsiode Cummulative Reward: 0.0, Episode Timestpes: 4500,
Epsiode Cummulative Reward: 1295.3082498908043, Episode Timestpes: 4500,
Epsiode Cummulative Reward: 1110.7275974750519, Episode Timestpes: 1645,
Epsiode Cummulative Reward: 2793.190270423889, Episode Timestpes: 1482,
Epsiode Cummulative Reward: 2774.720102071762, Episode Timestpes: 2482,
Epsiode Cummulative Reward: 4631.809637069702, Episode Timestpes: 4500,
Epsiode Cummulative Reward: 4949.999905705452, Episode Timestpes: 4500,
Epsiode Cummulative Reward: 5452.052140772343, Episode Timestpes: 4500,
Epsiode Cummulative Reward: 5600.652892649174, Episode Timestpes: 4500,
Epsiode Cummulative Reward: 2768.5849749445915, Episode Timestpes: 2391,
Epsiode Cummulative Reward: 5653.544701993465, Episode Timestpes: 4500,
Epsiode Cummulative Reward: 3038.3395008444786, Episode Timestpes: 4500,
Epsiode Cummulative Reward: 5652.705140411854, Episode Timestpes: 4124,
Epsiode Cummulative Reward: 5605.690230071545, Episode Timestpes: 4500,
Epsiode Cummulative Reward: 2778.078332543373, Episode Timestpes: 1016,
Epsiode Cummulative Reward: 5777.798410594463, Episode Timestpes: 4500,
Epsiode Cummulative Reward: 1435.6343105435371, Episode Timestpes: 783,
Epsiode Cummulative Reward: 2206.3432562351227, Episode Timestpes: 400,
Epsiode Cummulative Reward: 2208.0223638415337, Episode Timestpes: 376,
Epsiode Cummulative Reward: 4950.839510202408, Episode Timestpes: 4500,
Epsiode Cummulative Reward: 4554.570832788944, Episode Timestpes: 4500,
Epsiode Cummulative Reward: 2671.4551495313644, Episode Timestpes: 4500,
Epsiode Cummulative Reward: 2896.4551921486855, Episode Timestpes: 3298,
Epsiode Cummulative Reward: 2195.2242980003357, Episode Timestpes: 589,
Epsiode Cummulative Reward: 1087.220121383667, Episode Timestpes: 3428,
Epsiode Cummulative Reward: 1689.0215244293213, Episode Timestpes: 3043,
Epsiode Cummulative Reward: 1092.2574546337128, Episode Timestpes: 4500,
Epsiode Cummulative Reward: 333.30223590135574, Episode Timestpes: 703,
Epsiode Cummulative Reward: 2223.1343089342117, Episode Timestpes: 2575,
Epsiode Cummulative Reward: 710.2611669301987, Episode Timestpes: 4500,
Epsiode Cummulative Reward: 821.0820793509483, Episode Timestpes: 4500,
Epsiode Cummulative Reward: 783.3022291064262, Episode Timestpes: 4500,
Epsiode Cummulative Reward: 303.9179027080536, Episode Timestpes: 4500,
Epsiode Cummulative Reward: 983.1156574487686, Episode Timestpes: 4500,
Epsiode Cummulative Reward: 851.3059688210487, Episode Timestpes: 4500,
Epsiode Cummulative Reward: 458.3955116868019, Episode Timestpes: 2485,
Epsiode Cummulative Reward: 825.2798545956612, Episode Timestpes: 4500,
Epsiode Cummulative Reward: 2237.40672314167, Episode Timestpes: 3575,
Epsiode Cummulative Reward: 0.0, Episode Timestpes: 4500,
Epsiode Cummulative Reward: 0.0, Episode Timestpes: 4500,
Epsiode Cummulative Reward: 0.0, Episode Timestpes: 4500,
Epsiode Cummulative Reward: -4.76837158203125e-07, Episode Timestpes: 4500,
Epsiode Cummulative Reward: -2.384185791015625e-07, Episode Timestpes: 4500,
Epsiode Cummulative Reward: 387.87312442064285, Episode Timestpes: 4500,
Epsiode Cummulative Reward: 2245.8022223711014, Episode Timestpes: 1169,
Epsiode Cummulative Reward: 458.39550173282623, Episode Timestpes: 3725,
Epsiode Cummulative Reward: 539.8320842385292, Episode Timestpes: 197,
Epsiode Cummulative Reward: 1339.9253774285316, Episode Timestpes: 4500,
Epsiode Cummulative Reward: 284.5816726088524, Episode Timestpes: 4500,
Epsiode Cummulative Reward: 1.2576580047607422e-05, Episode Timestpes: 4500,
Epsiode Cummulative Reward: 1.6987323760986328e-05, Episode Timestpes: 4500,
Epsiode Cummulative Reward: 4.231929779052734e-06, Episode Timestpes: 4500,
Epsiode Cummulative Reward: 0.0, Episode Timestpes: 4500,
Epsiode Cummulative Reward: 0.0, Episode Timestpes: 4500,
Epsiode Cummulative Reward: 0.0, Episode Timestpes: 4500,
Epsiode Cummulative Reward: 1.436471939086914e-05, Episode Timestpes: 4500,
Epsiode Cummulative Reward: 62.966437578201294, Episode Timestpes: 4500,
Epsiode Cummulative Reward: 664.8633650541306, Episode Timestpes: 4500,
Epsiode Cummulative Reward: 93.1902864575386, Episode Timestpes: 4500,
Epsiode Cummulative Reward: 1127.4134742617607, Episode Timestpes: 4500,
Epsiode Cummulative Reward: 2160.167894244194, Episode Timestpes: 3883,
Epsiode Cummulative Reward: 1151.0261035561562, Episode Timestpes: 4500,
Epsiode Cummulative Reward: 2124.0671378970146, Episode Timestpes: 3218,
Epsiode Cummulative Reward: 2232.3693744540215, Episode Timestpes: 929,
Epsiode Cummulative Reward: 2225.6529589295387, Episode Timestpes: 732,
Epsiode Cummulative Reward: 3087.033519089222, Episode Timestpes: 4500,
Epsiode Cummulative Reward: 1425.559681236744, Episode Timestpes: 389,
Epsiode Cummulative Reward: 4075.1865162849426, Episode Timestpes: 4500,
Epsiode Cummulative Reward: 2791.5111597180367, Episode Timestpes: 1381,
Epsiode Cummulative Reward: 3413.6193556785583, Episode Timestpes: 4500,
Epsiode Cummulative Reward: 2228.8032851219177, Episode Timestpes: 459,
Epsiode Cummulative Reward: 2235.7275817990303, Episode Timestpes: 563,
Epsiode Cummulative Reward: 2228.171614766121, Episode Timestpes: 351,
Epsiode Cummulative Reward: 1653.0783388018608, Episode Timestpes: 560,
Epsiode Cummulative Reward: 5626.679019272327, Episode Timestpes: 4500,
Epsiode Cummulative Reward: 5065.018577456474, Episode Timestpes: 3593,
Epsiode Cummulative Reward: 2218.936533331871, Episode Timestpes: 797,
Epsiode Cummulative Reward: 3070.2424821853638, Episode Timestpes: 4500,
Epsiode Cummulative Reward: 2156.809678673744, Episode Timestpes: 411,
Epsiode Cummulative Reward: 4274.1604045033455, Episode Timestpes: 1012,
Epsiode Cummulative Reward: 1637.9663960337639, Episode Timestpes: 402,
Epsiode Cummulative Reward: 2169.200627923012, Episode Timestpes: 1051,
Epsiode Cummulative Reward: 2107.2760928869247, Episode Timestpes: 1246,
Epsiode Cummulative Reward: 2237.406687140465, Episode Timestpes: 1432,
Epsiode Cummulative Reward: 2235.5190616846085, Episode Timestpes: 1432,
Epsiode Cummulative Reward: 2230.690269649029, Episode Timestpes: 2529,
Epsiode Cummulative Reward: 3462.8299126029015, Episode Timestpes: 4500,
Epsiode Cummulative Reward: 4876.119269132614, Episode Timestpes: 4500,
Epsiode Cummulative Reward: 2234.0484875440598, Episode Timestpes: 365,
Epsiode Cummulative Reward: 4965.111852765083, Episode Timestpes: 4500,
Epsiode Cummulative Reward: 3452.2387613654137, Episode Timestpes: 4500,
Epsiode Cummulative Reward: 5892.817066967487, Episode Timestpes: 4500,
Epsiode Cummulative Reward: 2791.5111488699913, Episode Timestpes: 2813,
Epsiode Cummulative Reward: 3463.1529391407967, Episode Timestpes: 4500,
Epsiode Cummulative Reward: 2777.819222331047, Episode Timestpes: 566,
Epsiode Cummulative Reward: 7718.003633320332, Episode Timestpes: 4500,
Epsiode Cummulative Reward: 5018.0036662817, Episode Timestpes: 4500,
Epsiode Cummulative Reward: 3469.029797375202, Episode Timestpes: 4500,
Epsiode Cummulative Reward: 5981.80960637331, Episode Timestpes: 4500,
Epsiode Cummulative Reward: 5556.156634986401, Episode Timestpes: 4500,
Epsiode Cummulative Reward: 5356.343204140663, Episode Timestpes: 4500,
Epsiode Cummulative Reward: 3040.0186021327972, Episode Timestpes: 4500,
Epsiode Cummulative Reward: 2924.160429060459, Episode Timestpes: 3601,
Epsiode Cummulative Reward: 1635.4477330446243, Episode Timestpes: 1050,
Epsiode Cummulative Reward: 801.772355735302, Episode Timestpes: 4500,
Epsiode Cummulative Reward: 0.0, Episode Timestpes: 4500,
Epsiode Cummulative Reward: 89.83208763599396, Episode Timestpes: 4500,
Epsiode Cummulative Reward: 2220.615648627281, Episode Timestpes: 4029,
Epsiode Cummulative Reward: 2173.60072606802, Episode Timestpes: 4500,
Epsiode Cummulative Reward: 2218.9365399479866, Episode Timestpes: 389,
Epsiode Cummulative Reward: 2218.0969955921173, Episode Timestpes: 534,
Epsiode Cummulative Reward: 3098.787272155285, Episode Timestpes: 4500,
Epsiode Cummulative Reward: 2224.81340444088, Episode Timestpes: 360,
Epsiode Cummulative Reward: 2242.44400703907, Episode Timestpes: 533,
Epsiode Cummulative Reward: 5621.1173593997955, Episode Timestpes: 4500,
Epsiode Cummulative Reward: 2249.9999833106995, Episode Timestpes: 448,
Epsiode Cummulative Reward: 5576.305879712105, Episode Timestpes: 3648,
Epsiode Cummulative Reward: 5541.884260356426, Episode Timestpes: 4500,
Epsiode Cummulative Reward: 5611.567084848881, Episode Timestpes: 3116,
Epsiode Cummulative Reward: 3500.0932403206825, Episode Timestpes: 4500,
Epsiode Cummulative Reward: 346.73507058620453, Episode Timestpes: 97,
Epsiode Cummulative Reward: 2789.8320395946503, Episode Timestpes: 1723,
Epsiode Cummulative Reward: 350.93283146619797, Episode Timestpes: 93,
Epsiode Cummulative Reward: 5677.052133798599, Episode Timestpes: 4500,
Epsiode Cummulative Reward: 5573.267335891724, Episode Timestpes: 4500,
Epsiode Cummulative Reward: 5594.776045560837, Episode Timestpes: 2624,
Epsiode Cummulative Reward: 5962.499926745892, Episode Timestpes: 4500,
Epsiode Cummulative Reward: 6006.996175408363, Episode Timestpes: 4500,
Epsiode Cummulative Reward: 2792.350710093975, Episode Timestpes: 530,
Epsiode Cummulative Reward: 5661.100661933422, Episode Timestpes: 3748,
Epsiode Cummulative Reward: 4955.037247002125, Episode Timestpes: 4500,
Epsiode Cummulative Reward: 7233.5819917321205, Episode Timestpes: 4500,
Epsiode Cummulative Reward: 5661.100666344166, Episode Timestpes: 3103,
Epsiode Cummulative Reward: 2788.1529475450516, Episode Timestpes: 1403,
Epsiode Cummulative Reward: 5012.126814424992, Episode Timestpes: 4500,
Epsiode Cummulative Reward: 6120.604341804981, Episode Timestpes: 4500,
Epsiode Cummulative Reward: 5640.425232052803, Episode Timestpes: 4500,
Epsiode Cummulative Reward: 3075.8324242830276, Episode Timestpes: 4500,
Epsiode Cummulative Reward: 5616.604400098324, Episode Timestpes: 4500,
Epsiode Cummulative Reward: 5585.540965139866, Episode Timestpes: 1889,
Epsiode Cummulative Reward: 5663.619317293167, Episode Timestpes: 1884,
Epsiode Cummulative Reward: 5002.052156329155, Episode Timestpes: 4500,
Epsiode Cummulative Reward: 3014.832059800625, Episode Timestpes: 4500,
Epsiode Cummulative Reward: 5786.19388794899, Episode Timestpes: 4500,
Epsiode Cummulative Reward: 3026.3034366369247, Episode Timestpes: 4500,
Epsiode Cummulative Reward: 2212.220135331154, Episode Timestpes: 719,
Epsiode Cummulative Reward: 4231.343218266964, Episode Timestpes: 4500,
Epsiode Cummulative Reward: 2220.6156366467476, Episode Timestpes: 303,
Epsiode Cummulative Reward: 3068.2771692872047, Episode Timestpes: 4500,
Epsiode Cummulative Reward: 2191.2312971949577, Episode Timestpes: 1335,
Epsiode Cummulative Reward: 2218.096992313862, Episode Timestpes: 581,
Epsiode Cummulative Reward: 2609.3282722234726, Episode Timestpes: 3332,
Epsiode Cummulative Reward: 1451.585805118084, Episode Timestpes: 1378,
Epsiode Cummulative Reward: 2225.6529591083527, Episode Timestpes: 2432,
Epsiode Cummulative Reward: 2235.7275948524475, Episode Timestpes: 1546,
Epsiode Cummulative Reward: 2231.321700692177, Episode Timestpes: 1131,
Epsiode Cummulative Reward: 2122.3880455493927, Episode Timestpes: 1289,
Epsiode Cummulative Reward: 2233.2089213728905, Episode Timestpes: 3571,
Epsiode Cummulative Reward: 2225.4453803896904, Episode Timestpes: 1326,
Epsiode Cummulative Reward: 4605.783544182777, Episode Timestpes: 4500,
Epsiode Cummulative Reward: 2772.2014333605766, Episode Timestpes: 2249,
Epsiode Cummulative Reward: 2992.1641343832016, Episode Timestpes: 1759,
Epsiode Cummulative Reward: 2209.7014682888985, Episode Timestpes: 284,
Epsiode Cummulative Reward: 2791.511154472828, Episode Timestpes: 1033,
Epsiode Cummulative Reward: 3981.996222138405, Episode Timestpes: 4500,
Epsiode Cummulative Reward: 2212.220124602318, Episode Timestpes: 415,
Epsiode Cummulative Reward: 2766.324597656727, Episode Timestpes: 684,
Epsiode Cummulative Reward: 3069.4029366374016, Episode Timestpes: 4500,
Epsiode Cummulative Reward: 2229.011171042919, Episode Timestpes: 298,
Epsiode Cummulative Reward: 2218.936546087265, Episode Timestpes: 409,
Epsiode Cummulative Reward: 2788.1529548168182, Episode Timestpes: 1413,
Epsiode Cummulative Reward: 2208.8619081377983, Episode Timestpes: 427,
Epsiode Cummulative Reward: 4923.134265720844, Episode Timestpes: 4500,
Epsiode Cummulative Reward: 1669.0298291444778, Episode Timestpes: 269,
Epsiode Cummulative Reward: 6141.324529647827, Episode Timestpes: 4500,
Epsiode Cummulative Reward: 5611.567116379738, Episode Timestpes: 4500,
Epsiode Cummulative Reward: 4867.2697811722755, Episode Timestpes: 4500,
Epsiode Cummulative Reward: 3043.3768347501755, Episode Timestpes: 4500,
Epsiode Cummulative Reward: 2228.803261399269, Episode Timestpes: 340,
Epsiode Cummulative Reward: 2793.190255880356, Episode Timestpes: 824,
Epsiode Cummulative Reward: 2242.444005727768, Episode Timestpes: 747,
Epsiode Cummulative Reward: 2218.9365416169167, Episode Timestpes: 348,
Epsiode Cummulative Reward: 2797.3880252838135, Episode Timestpes: 1216,
Epsiode Cummulative Reward: 2211.38058000803, Episode Timestpes: 525,
Epsiode Cummulative Reward: 2216.4178844690323, Episode Timestpes: 666,
Epsiode Cummulative Reward: 2380.970126390457, Episode Timestpes: 341,
Epsiode Cummulative Reward: 2212.2201177477837, Episode Timestpes: 380,
Epsiode Cummulative Reward: 2190.391761124134, Episode Timestpes: 535,
Epsiode Cummulative Reward: 1424.7201350331306, Episode Timestpes: 312,
Epsiode Cummulative Reward: 2197.1081833839417, Episode Timestpes: 426,
Epsiode Cummulative Reward: 2205.503712594509, Episode Timestpes: 1735,
Epsiode Cummulative Reward: 2199.6268433332443, Episode Timestpes: 1005,
Epsiode Cummulative Reward: 2190.3917676210403, Episode Timestpes: 506,
Epsiode Cummulative Reward: 2207.1828131079674, Episode Timestpes: 2418,
Epsiode Cummulative Reward: 753.0783450007439, Episode Timestpes: 4500,
Epsiode Cummulative Reward: 2185.990083515644, Episode Timestpes: 1390,
Epsiode Cummulative Reward: 2200.4663890600204, Episode Timestpes: 1960,
Epsiode Cummulative Reward: 2191.231330037117, Episode Timestpes: 765,
Epsiode Cummulative Reward: 2185.3544545173645, Episode Timestpes: 465,
Epsiode Cummulative Reward: 2188.7126628756523, Episode Timestpes: 756,
Epsiode Cummulative Reward: 2206.3432569503784, Episode Timestpes: 867,
Epsiode Cummulative Reward: 2786.473856329918, Episode Timestpes: 311,
Epsiode Cummulative Reward: 2203.8246024250984, Episode Timestpes: 457,
Epsiode Cummulative Reward: 367.72387754917145, Episode Timestpes: 73,
Epsiode Cummulative Reward: 2218.096987962723, Episode Timestpes: 507,
Epsiode Cummulative Reward: 2198.5822155475616, Episode Timestpes: 362,
Epsiode Cummulative Reward: 2212.2201192975044, Episode Timestpes: 400,
Epsiode Cummulative Reward: 3078.6380336284637, Episode Timestpes: 4500,
Epsiode Cummulative Reward: 7236.100665867329, Episode Timestpes: 4500,
Epsiode Cummulative Reward: 5664.458862841129, Episode Timestpes: 4071,
Epsiode Cummulative Reward: 5000.373055458069, Episode Timestpes: 4500,
Epsiode Cummulative Reward: 5588.059648454189, Episode Timestpes: 2686,
Epsiode Cummulative Reward: 5937.313336074352, Episode Timestpes: 4500,
Epsiode Cummulative Reward: 5619.962584495544, Episode Timestpes: 4500,
Epsiode Cummulative Reward: 2979.570835828781, Episode Timestpes: 4500,
Epsiode Cummulative Reward: 5597.2946909070015, Episode Timestpes: 4500,
Epsiode Cummulative Reward: 5978.451418220997, Episode Timestpes: 4500,
Epsiode Cummulative Reward: 5596.455147922039, Episode Timestpes: 4500,
Epsiode Cummulative Reward: 5631.7163543105125, Episode Timestpes: 4500,
Epsiode Cummulative Reward: 2189.552214026451, Episode Timestpes: 250,
Epsiode Cummulative Reward: 5017.535612523556, Episode Timestpes: 4500,
Epsiode Cummulative Reward: 9359.277655482292, Episode Timestpes: 2884,
