Epsiode Cummulative Reward: -255.37121784687042, Episode Timestpes: 4500,
Epsiode Cummulative Reward: -184.16043829917908, Episode Timestpes: 4500,
Epsiode Cummulative Reward: -46.12908333539963, Episode Timestpes: 4500,
Epsiode Cummulative Reward: -1071.2126714587212, Episode Timestpes: 4500,
Epsiode Cummulative Reward: 348.4339001774788, Episode Timestpes: 4500,
Epsiode Cummulative Reward: -286.8477671146393, Episode Timestpes: 4500,
Epsiode Cummulative Reward: -161.82679623365402, Episode Timestpes: 4500,
Epsiode Cummulative Reward: -5.9604644775390625e-06, Episode Timestpes: 4500,
Epsiode Cummulative Reward: 701.8656666874886, Episode Timestpes: 4500,
Epsiode Cummulative Reward: 35.261186480522156, Episode Timestpes: 4500,
Epsiode Cummulative Reward: 686.7537066936493, Episode Timestpes: 4500,
Epsiode Cummulative Reward: 754.7574536204338, Episode Timestpes: 4500,
Epsiode Cummulative Reward: 1.2516975402832031e-06, Episode Timestpes: 4500,
Epsiode Cummulative Reward: 78.07835721969604, Episode Timestpes: 4500,
Epsiode Cummulative Reward: 1.5497207641601562e-06, Episode Timestpes: 4500,
Epsiode Cummulative Reward: -1.5497207641601562e-06, Episode Timestpes: 4500,
Epsiode Cummulative Reward: -8.344650268554688e-07, Episode Timestpes: 4500,
Epsiode Cummulative Reward: 471.82836174964905, Episode Timestpes: 1053,
Epsiode Cummulative Reward: 803.4514715075493, Episode Timestpes: 4500,
Epsiode Cummulative Reward: 91.51119536161423, Episode Timestpes: 4500,
Epsiode Cummulative Reward: 752.2387921214104, Episode Timestpes: 4500,
Epsiode Cummulative Reward: 112.48951327800751, Episode Timestpes: 4500,
Epsiode Cummulative Reward: 105.78357857465744, Episode Timestpes: 4500,
Epsiode Cummulative Reward: 1637.1268502473831, Episode Timestpes: 3251,
Epsiode Cummulative Reward: 57.92910444736481, Episode Timestpes: 4500,
Epsiode Cummulative Reward: 804.2910385727882, Episode Timestpes: 4500,
Epsiode Cummulative Reward: 109.14178919792175, Episode Timestpes: 4500,
Epsiode Cummulative Reward: 756.4365509152412, Episode Timestpes: 4500,
Epsiode Cummulative Reward: -5.0067901611328125e-06, Episode Timestpes: 4500,
Epsiode Cummulative Reward: 1653.0783462524414, Episode Timestpes: 2558,
Epsiode Cummulative Reward: 920.9887828230858, Episode Timestpes: 4500,
Epsiode Cummulative Reward: 1063.7126759290695, Episode Timestpes: 4500,
Epsiode Cummulative Reward: 1088.0596895217896, Episode Timestpes: 4500,
Epsiode Cummulative Reward: 64.64552313089371, Episode Timestpes: 4500,
Epsiode Cummulative Reward: 722.8544573187828, Episode Timestpes: 4500,
Epsiode Cummulative Reward: -2.002716064453125e-05, Episode Timestpes: 4500,
Epsiode Cummulative Reward: 459.23507112264633, Episode Timestpes: 1299,
Epsiode Cummulative Reward: 722.8544694185257, Episode Timestpes: 4500,
Epsiode Cummulative Reward: 858.022363781929, Episode Timestpes: 4500,
Epsiode Cummulative Reward: 728.7313299775124, Episode Timestpes: 4500,
Epsiode Cummulative Reward: 1148.507445216179, Episode Timestpes: 4500,
Epsiode Cummulative Reward: 779.9440177679062, Episode Timestpes: 1515,
Epsiode Cummulative Reward: 1695.8955019712448, Episode Timestpes: 2672,
Epsiode Cummulative Reward: 1.3113021850585938e-06, Episode Timestpes: 4500,
Epsiode Cummulative Reward: 854.6641689538956, Episode Timestpes: 4500,
Epsiode Cummulative Reward: 359.3283563256264, Episode Timestpes: 383,
Epsiode Cummulative Reward: -7.271766662597656e-06, Episode Timestpes: 4500,
Epsiode Cummulative Reward: 1849.533556818962, Episode Timestpes: 1581,
Epsiode Cummulative Reward: 308.1156677007675, Episode Timestpes: 4500,
Epsiode Cummulative Reward: 1161.8318992853165, Episode Timestpes: 4500,
Epsiode Cummulative Reward: 2769.424460053444, Episode Timestpes: 3239,
Epsiode Cummulative Reward: 861.3805770874023, Episode Timestpes: 4500,
Epsiode Cummulative Reward: -4.410743713378906e-06, Episode Timestpes: 4500,
Epsiode Cummulative Reward: 3.3581995964050293, Episode Timestpes: 4500,
Epsiode Cummulative Reward: 10.913157999515533, Episode Timestpes: 4500,
Epsiode Cummulative Reward: 815.2052121162415, Episode Timestpes: 547,
Epsiode Cummulative Reward: 870.6156693100929, Episode Timestpes: 4500,
Epsiode Cummulative Reward: 423.1343203186989, Episode Timestpes: 2781,
Epsiode Cummulative Reward: 760.563333272934, Episode Timestpes: 4500,
Epsiode Cummulative Reward: 1216.5111862421036, Episode Timestpes: 4500,
Epsiode Cummulative Reward: 1173.694011926651, Episode Timestpes: 4500,
Epsiode Cummulative Reward: 117.53731083869934, Episode Timestpes: 4500,
Epsiode Cummulative Reward: 1002.4253510832787, Episode Timestpes: 4500,
Epsiode Cummulative Reward: 443.2835629582405, Episode Timestpes: 4500,
Epsiode Cummulative Reward: 695.0843374729156, Episode Timestpes: 4500,
Epsiode Cummulative Reward: 1649.7201176285744, Episode Timestpes: 3550,
Epsiode Cummulative Reward: 890.6818327307701, Episode Timestpes: 4500,
Epsiode Cummulative Reward: 85.63433134555817, Episode Timestpes: 4500,
Epsiode Cummulative Reward: 116.69775807857513, Episode Timestpes: 4500,
Epsiode Cummulative Reward: 1601.7162051200867, Episode Timestpes: 4185,
Epsiode Cummulative Reward: 896.6417756676674, Episode Timestpes: 4500,
Epsiode Cummulative Reward: 839.5522171854973, Episode Timestpes: 4500,
Epsiode Cummulative Reward: 743.8432690501213, Episode Timestpes: 4500,
Epsiode Cummulative Reward: 1183.7686322927475, Episode Timestpes: 4500,
Epsiode Cummulative Reward: 791.697747528553, Episode Timestpes: 1382,
Epsiode Cummulative Reward: 831.1566970944405, Episode Timestpes: 4500,
Epsiode Cummulative Reward: 727.0522105693817, Episode Timestpes: 4500,
Epsiode Cummulative Reward: 1167.708214700222, Episode Timestpes: 4500,
Epsiode Cummulative Reward: 822.7611781954765, Episode Timestpes: 4500,
Epsiode Cummulative Reward: 1658.8004600405693, Episode Timestpes: 2920,
Epsiode Cummulative Reward: 1214.8320810198784, Episode Timestpes: 4500,
Epsiode Cummulative Reward: 1164.350297987461, Episode Timestpes: 4500,
Epsiode Cummulative Reward: 1593.4701192378998, Episode Timestpes: 4500,
Epsiode Cummulative Reward: 2.5186447501182556, Episode Timestpes: 4500,
Epsiode Cummulative Reward: 1694.2164015769958, Episode Timestpes: 2238,
Epsiode Cummulative Reward: 983.0239560008049, Episode Timestpes: 4500,
Epsiode Cummulative Reward: 776.5133458971977, Episode Timestpes: 3756,
Epsiode Cummulative Reward: 2226.2848446965218, Episode Timestpes: 2680,
Epsiode Cummulative Reward: 1226.585804283619, Episode Timestpes: 4500,
Epsiode Cummulative Reward: 1145.9887883663177, Episode Timestpes: 4500,
Epsiode Cummulative Reward: 444.12312895059586, Episode Timestpes: 2322,
Epsiode Cummulative Reward: 2132.462658405304, Episode Timestpes: 2364,
Epsiode Cummulative Reward: 615.3917701840401, Episode Timestpes: 4500,
Epsiode Cummulative Reward: 2110.6343041062355, Episode Timestpes: 2459,
Epsiode Cummulative Reward: 1679.9440131783485, Episode Timestpes: 1563,
Epsiode Cummulative Reward: 1108.2089465856552, Episode Timestpes: 4500,
Epsiode Cummulative Reward: 454.1977617740631, Episode Timestpes: 810,
Epsiode Cummulative Reward: 1035.0713075399399, Episode Timestpes: 4500,
Epsiode Cummulative Reward: 2108.9551963210106, Episode Timestpes: 3310,
Epsiode Cummulative Reward: 1178.731324493885, Episode Timestpes: 4500,
Epsiode Cummulative Reward: 865.5783334970474, Episode Timestpes: 4500,
Epsiode Cummulative Reward: 2100.5596820116043, Episode Timestpes: 4500,
Epsiode Cummulative Reward: 732.0895346999168, Episode Timestpes: 4500,
Epsiode Cummulative Reward: 1215.6716264486313, Episode Timestpes: 4500,
Epsiode Cummulative Reward: 1225.7462565302849, Episode Timestpes: 4500,
Epsiode Cummulative Reward: 1637.9664056301117, Episode Timestpes: 2692,
Epsiode Cummulative Reward: 1641.3246108293533, Episode Timestpes: 3453,
Epsiode Cummulative Reward: 1425.5596901774406, Episode Timestpes: 2685,
Epsiode Cummulative Reward: 1181.249982535839, Episode Timestpes: 4500,
Epsiode Cummulative Reward: 426.4925325512886, Episode Timestpes: 103,
Epsiode Cummulative Reward: 1106.426598072052, Episode Timestpes: 4500,
Epsiode Cummulative Reward: 326.58581578731537, Episode Timestpes: 4500,
Epsiode Cummulative Reward: 1141.791016280651, Episode Timestpes: 4500,
Epsiode Cummulative Reward: 748.8805829286575, Episode Timestpes: 4500,
Epsiode Cummulative Reward: 660.7275933623314, Episode Timestpes: 4500,
Epsiode Cummulative Reward: 633.0223782658577, Episode Timestpes: 4500,
Epsiode Cummulative Reward: 430.6902689933777, Episode Timestpes: 4500,
Epsiode Cummulative Reward: 2188.712666988373, Episode Timestpes: 4379,
Epsiode Cummulative Reward: 94.02107149362564, Episode Timestpes: 4500,
Epsiode Cummulative Reward: 439.92536848783493, Episode Timestpes: 240,
Epsiode Cummulative Reward: 1652.2387785315514, Episode Timestpes: 1704,
Epsiode Cummulative Reward: 2164.365657746792, Episode Timestpes: 4500,
Epsiode Cummulative Reward: 853.7449254393578, Episode Timestpes: 4500,
Epsiode Cummulative Reward: 2747.8544451594353, Episode Timestpes: 4500,
Epsiode Cummulative Reward: 834.5148963332176, Episode Timestpes: 4500,
Epsiode Cummulative Reward: 2691.35337215662, Episode Timestpes: 4500,
Epsiode Cummulative Reward: 863.8992379307747, Episode Timestpes: 4500,
Epsiode Cummulative Reward: 1151.758190214634, Episode Timestpes: 4500,
Epsiode Cummulative Reward: 2764.387606859207, Episode Timestpes: 3961,
Epsiode Cummulative Reward: 2234.0484830141068, Episode Timestpes: 3353,
Epsiode Cummulative Reward: 1234.866103887558, Episode Timestpes: 4500,
Epsiode Cummulative Reward: 2765.4850367307663, Episode Timestpes: 2828,
Epsiode Cummulative Reward: 2190.3917570114136, Episode Timestpes: 3521,
Epsiode Cummulative Reward: 344.2164121866226, Episode Timestpes: 1054,
Epsiode Cummulative Reward: 2242.4440069794655, Episode Timestpes: 2032,
Epsiode Cummulative Reward: 1201.3992270231247, Episode Timestpes: 4500,
Epsiode Cummulative Reward: 378.60273015499115, Episode Timestpes: 3833,
Epsiode Cummulative Reward: 1676.5858073234558, Episode Timestpes: 2469,
Epsiode Cummulative Reward: 1365.9514756798744, Episode Timestpes: 4500,
Epsiode Cummulative Reward: 2786.21393764019, Episode Timestpes: 2023,
Epsiode Cummulative Reward: 1203.9178926348686, Episode Timestpes: 4500,
Epsiode Cummulative Reward: 1635.4477413892746, Episode Timestpes: 2279,
Epsiode Cummulative Reward: 1429.7574459314346, Episode Timestpes: 4210,
Epsiode Cummulative Reward: 95.70895409584045, Episode Timestpes: 4500,
Epsiode Cummulative Reward: 1210.5213591456413, Episode Timestpes: 4500,
Epsiode Cummulative Reward: 2226.284805417061, Episode Timestpes: 2404,
Epsiode Cummulative Reward: 2771.9428332448006, Episode Timestpes: 4456,
Epsiode Cummulative Reward: 2104.7574278712273, Episode Timestpes: 4500,
Epsiode Cummulative Reward: 1428.9178869724274, Episode Timestpes: 3209,
Epsiode Cummulative Reward: 2234.0484733581543, Episode Timestpes: 3742,
Epsiode Cummulative Reward: 2771.1034073233604, Episode Timestpes: 4274,
Epsiode Cummulative Reward: 1145.9887889027596, Episode Timestpes: 4500,
Epsiode Cummulative Reward: 2767.164153754711, Episode Timestpes: 2673,
Epsiode Cummulative Reward: 2156.809677839279, Episode Timestpes: 4346,
Epsiode Cummulative Reward: 2218.936540722847, Episode Timestpes: 3315,
Epsiode Cummulative Reward: 1638.8059465289116, Episode Timestpes: 3170,
Epsiode Cummulative Reward: 1017.5372994542122, Episode Timestpes: 4500,
Epsiode Cummulative Reward: 1213.9925183057785, Episode Timestpes: 4500,
Epsiode Cummulative Reward: 1675.7462509274483, Episode Timestpes: 1944,
Epsiode Cummulative Reward: 2207.1828102469444, Episode Timestpes: 2604,
Epsiode Cummulative Reward: 2238.246244251728, Episode Timestpes: 2468,
Epsiode Cummulative Reward: 1174.533566057682, Episode Timestpes: 4500,
Epsiode Cummulative Reward: 2772.2014496326447, Episode Timestpes: 3676,
Epsiode Cummulative Reward: 408.0223823785782, Episode Timestpes: 685,
Epsiode Cummulative Reward: 1254.2910231351852, Episode Timestpes: 4500,
Epsiode Cummulative Reward: 1645.5223628878593, Episode Timestpes: 3817,
Epsiode Cummulative Reward: 2194.589525103569, Episode Timestpes: 1792,
Epsiode Cummulative Reward: 823.6007277369499, Episode Timestpes: 4500,
Epsiode Cummulative Reward: 1241.5818768143654, Episode Timestpes: 4500,
Epsiode Cummulative Reward: 1261.8469990491867, Episode Timestpes: 4500,
Epsiode Cummulative Reward: 882.3693849444389, Episode Timestpes: 4500,
Epsiode Cummulative Reward: 1687.4999836087227, Episode Timestpes: 1554,
Epsiode Cummulative Reward: 1246.7350539565086, Episode Timestpes: 4500,
Epsiode Cummulative Reward: 1150.186546266079, Episode Timestpes: 4500,
Epsiode Cummulative Reward: 1685.6636129021645, Episode Timestpes: 3465,
Epsiode Cummulative Reward: 2763.548102617264, Episode Timestpes: 4383,
Epsiode Cummulative Reward: 1658.9551960229874, Episode Timestpes: 3809,
Epsiode Cummulative Reward: 2218.096994936466, Episode Timestpes: 2210,
Epsiode Cummulative Reward: 397.10820388793945, Episode Timestpes: 492,
Epsiode Cummulative Reward: 2765.4850469231606, Episode Timestpes: 1584,
Epsiode Cummulative Reward: 1682.3056927919388, Episode Timestpes: 4500,
Epsiode Cummulative Reward: 1691.6977406740189, Episode Timestpes: 3591,
Epsiode Cummulative Reward: 1222.2740058898926, Episode Timestpes: 4500,
Epsiode Cummulative Reward: 1094.776105105877, Episode Timestpes: 4500,
Epsiode Cummulative Reward: 380.31716203689575, Episode Timestpes: 210,
Epsiode Cummulative Reward: 447.4395994544029, Episode Timestpes: 617,
Epsiode Cummulative Reward: 2757.9290632009506, Episode Timestpes: 4500,
Epsiode Cummulative Reward: 1294.589518070221, Episode Timestpes: 4500,
Epsiode Cummulative Reward: 1222.3880373835564, Episode Timestpes: 4500,
Epsiode Cummulative Reward: 2762.9663843512535, Episode Timestpes: 3891,
Epsiode Cummulative Reward: 2764.6454810500145, Episode Timestpes: 4366,
Epsiode Cummulative Reward: 875.6529609560966, Episode Timestpes: 4500,
Epsiode Cummulative Reward: 1651.3992277383804, Episode Timestpes: 3777,
Epsiode Cummulative Reward: 2230.6902655363083, Episode Timestpes: 3539,
Epsiode Cummulative Reward: 1210.5213578939438, Episode Timestpes: 4500,
Epsiode Cummulative Reward: 2124.0671342611313, Episode Timestpes: 2520,
Epsiode Cummulative Reward: 2205.5037037730217, Episode Timestpes: 4455,
Epsiode Cummulative Reward: 1220.7089388370514, Episode Timestpes: 4500,
Epsiode Cummulative Reward: 1692.5372951030731, Episode Timestpes: 3058,
Epsiode Cummulative Reward: 1216.5111720561981, Episode Timestpes: 4500,
Epsiode Cummulative Reward: 2239.9253528118134, Episode Timestpes: 1785,
Epsiode Cummulative Reward: 1208.9551947116852, Episode Timestpes: 4500,
Epsiode Cummulative Reward: 2234.0484702587128, Episode Timestpes: 3338,
Epsiode Cummulative Reward: 1783.2089351415634, Episode Timestpes: 4028,
Epsiode Cummulative Reward: 2769.6827887892723, Episode Timestpes: 4035,
Epsiode Cummulative Reward: 1640.4850400090218, Episode Timestpes: 4276,
Epsiode Cummulative Reward: 895.8022180199623, Episode Timestpes: 4500,
Epsiode Cummulative Reward: 1659.794764816761, Episode Timestpes: 2864,
Epsiode Cummulative Reward: 1208.8424184918404, Episode Timestpes: 4500,
Epsiode Cummulative Reward: 2191.8663988113403, Episode Timestpes: 4500,
Epsiode Cummulative Reward: 2772.7823417186737, Episode Timestpes: 2902,
Epsiode Cummulative Reward: 442.44402039051056, Episode Timestpes: 1214,
Epsiode Cummulative Reward: 1222.3880314826965, Episode Timestpes: 4500,
Epsiode Cummulative Reward: 2797.388035416603, Episode Timestpes: 3255,
Epsiode Cummulative Reward: 1196.3619174957275, Episode Timestpes: 4500,
Epsiode Cummulative Reward: 2211.174268245697, Episode Timestpes: 4456,
Epsiode Cummulative Reward: 841.2313227653503, Episode Timestpes: 4500,
Epsiode Cummulative Reward: 1639.6455017924309, Episode Timestpes: 1972,
Epsiode Cummulative Reward: 2150.7321727871895, Episode Timestpes: 1969,
Epsiode Cummulative Reward: 2770.522357046604, Episode Timestpes: 2050,
Epsiode Cummulative Reward: 2764.6454741358757, Episode Timestpes: 4209,
Epsiode Cummulative Reward: 1678.2648968100548, Episode Timestpes: 4500,
Epsiode Cummulative Reward: 1180.4104279875755, Episode Timestpes: 4500,
Epsiode Cummulative Reward: 1.9073486328125e-05, Episode Timestpes: 4500,
Epsiode Cummulative Reward: 4.291534423828125e-06, Episode Timestpes: 4500,
Epsiode Cummulative Reward: -1.1920928955078125e-07, Episode Timestpes: 4500,
Epsiode Cummulative Reward: 6.377696990966797e-06, Episode Timestpes: 4500,
Epsiode Cummulative Reward: 9.715557098388672e-06, Episode Timestpes: 4500,
Epsiode Cummulative Reward: -4.76837158203125e-07, Episode Timestpes: 4500,
Epsiode Cummulative Reward: 4.351139068603516e-06, Episode Timestpes: 4500,
Epsiode Cummulative Reward: 1.0669231414794922e-05, Episode Timestpes: 4500,
Epsiode Cummulative Reward: 445.7606534957886, Episode Timestpes: 338,
Epsiode Cummulative Reward: 1264.365657031536, Episode Timestpes: 4500,
Epsiode Cummulative Reward: 1681.6231181621552, Episode Timestpes: 2221,
Epsiode Cummulative Reward: 1699.253702878952, Episode Timestpes: 4500,
Epsiode Cummulative Reward: 1637.966404736042, Episode Timestpes: 4342,
Epsiode Cummulative Reward: 1140.1119109392166, Episode Timestpes: 4500,
Epsiode Cummulative Reward: 1203.0783371329308, Episode Timestpes: 4500,
Epsiode Cummulative Reward: 1201.3992421627045, Episode Timestpes: 4500,
Epsiode Cummulative Reward: 2236.5671412348747, Episode Timestpes: 1866,
Epsiode Cummulative Reward: 3061.0074209570885, Episode Timestpes: 4500,
Epsiode Cummulative Reward: 2767.1641449332237, Episode Timestpes: 1265,
Epsiode Cummulative Reward: 1690.0186441540718, Episode Timestpes: 3446,
Epsiode Cummulative Reward: 377.7985035777092, Episode Timestpes: 895,
Epsiode Cummulative Reward: 1108.2089406847954, Episode Timestpes: 4500,
Epsiode Cummulative Reward: 1255.1305665373802, Episode Timestpes: 4500,
Epsiode Cummulative Reward: 2207.8164100050926, Episode Timestpes: 1889,
Epsiode Cummulative Reward: 364.36566537618637, Episode Timestpes: 2699,
Epsiode Cummulative Reward: 352.6119344830513, Episode Timestpes: 438,
Epsiode Cummulative Reward: 2767.1641439795494, Episode Timestpes: 1630,
Epsiode Cummulative Reward: 1224.067141354084, Episode Timestpes: 4500,
Epsiode Cummulative Reward: 1204.7574498057365, Episode Timestpes: 4500,
Epsiode Cummulative Reward: 1251.6556017398834, Episode Timestpes: 4500,
Epsiode Cummulative Reward: 2776.399208188057, Episode Timestpes: 2825,
Epsiode Cummulative Reward: 2250.839524447918, Episode Timestpes: 3031,
Epsiode Cummulative Reward: 1639.4925600290298, Episode Timestpes: 2112,
Epsiode Cummulative Reward: 2793.190254867077, Episode Timestpes: 4318,
Epsiode Cummulative Reward: 2771.103395164013, Episode Timestpes: 3324,
Epsiode Cummulative Reward: 2187.03355383873, Episode Timestpes: 3634,
Epsiode Cummulative Reward: 2798.227577328682, Episode Timestpes: 4114,
Epsiode Cummulative Reward: 2763.8059329390526, Episode Timestpes: 2772,
Epsiode Cummulative Reward: 2225.6529492735863, Episode Timestpes: 3096,
Epsiode Cummulative Reward: 1658.9552037715912, Episode Timestpes: 2682,
Epsiode Cummulative Reward: 1163.619379222393, Episode Timestpes: 4500,
Epsiode Cummulative Reward: 2777.2387561798096, Episode Timestpes: 3594,
Epsiode Cummulative Reward: 355.9701436161995, Episode Timestpes: 898,
Epsiode Cummulative Reward: 3062.6865133047104, Episode Timestpes: 4500,
Epsiode Cummulative Reward: 1169.4962496757507, Episode Timestpes: 4500,
Epsiode Cummulative Reward: 2214.7387724518776, Episode Timestpes: 2620,
Epsiode Cummulative Reward: 1176.2126496434212, Episode Timestpes: 4500,
Epsiode Cummulative Reward: 3070.2424899339676, Episode Timestpes: 4500,
Epsiode Cummulative Reward: 2253.1479887366295, Episode Timestpes: 4500,
Epsiode Cummulative Reward: 3018.1902567744255, Episode Timestpes: 2423,
Epsiode Cummulative Reward: 1646.3619195222855, Episode Timestpes: 881,
Epsiode Cummulative Reward: 1190.4850486516953, Episode Timestpes: 4500,
Epsiode Cummulative Reward: 3008.9551755189896, Episode Timestpes: 4500,
Epsiode Cummulative Reward: 774.0671406388283, Episode Timestpes: 4500,
Epsiode Cummulative Reward: 1207.1634948253632, Episode Timestpes: 4500,
Epsiode Cummulative Reward: 2211.174290895462, Episode Timestpes: 1969,
Epsiode Cummulative Reward: 2776.140244305134, Episode Timestpes: 2052,
Epsiode Cummulative Reward: 1695.0559379458427, Episode Timestpes: 2176,
Epsiode Cummulative Reward: 1200.5596814155579, Episode Timestpes: 4500,
Epsiode Cummulative Reward: 2814.1790664196014, Episode Timestpes: 4500,
Epsiode Cummulative Reward: 2213.0596851706505, Episode Timestpes: 1229,
Epsiode Cummulative Reward: 1675.589932858944, Episode Timestpes: 1714,
Epsiode Cummulative Reward: 1202.2387821674347, Episode Timestpes: 4500,
Epsiode Cummulative Reward: 3045.0559306144714, Episode Timestpes: 4500,
Epsiode Cummulative Reward: 1760.5410227775574, Episode Timestpes: 1052,
Epsiode Cummulative Reward: 2192.7058447003365, Episode Timestpes: 3071,
Epsiode Cummulative Reward: 1223.952955007553, Episode Timestpes: 4500,
Epsiode Cummulative Reward: 2769.682797431946, Episode Timestpes: 2661,
Epsiode Cummulative Reward: 1685.8208761811256, Episode Timestpes: 890,
Epsiode Cummulative Reward: 1210.6343108415604, Episode Timestpes: 4500,
Epsiode Cummulative Reward: 2778.9178814888, Episode Timestpes: 3539,
Epsiode Cummulative Reward: 2196.2686247229576, Episode Timestpes: 3013,
Epsiode Cummulative Reward: 1174.5335686802864, Episode Timestpes: 4500,
Epsiode Cummulative Reward: 2812.4999638795853, Episode Timestpes: 4500,
Epsiode Cummulative Reward: 4257.36934119463, Episode Timestpes: 3641,
Epsiode Cummulative Reward: 2491.7910081148148, Episode Timestpes: 4500,
Epsiode Cummulative Reward: 1648.0410307645798, Episode Timestpes: 4447,
Epsiode Cummulative Reward: 1258.488783121109, Episode Timestpes: 4500,
Epsiode Cummulative Reward: 2793.1902572512627, Episode Timestpes: 4093,
Epsiode Cummulative Reward: 2819.2163717746735, Episode Timestpes: 4500,
Epsiode Cummulative Reward: 2770.5223580002785, Episode Timestpes: 2872,
Epsiode Cummulative Reward: 2775.3007532954216, Episode Timestpes: 2455,
Epsiode Cummulative Reward: 2190.391764998436, Episode Timestpes: 1573,
Epsiode Cummulative Reward: 1651.3992339968681, Episode Timestpes: 2521,
Epsiode Cummulative Reward: 1681.4662689566612, Episode Timestpes: 1682,
Epsiode Cummulative Reward: 2797.3880261182785, Episode Timestpes: 2813,
Epsiode Cummulative Reward: 1634.6081865429878, Episode Timestpes: 1911,
Epsiode Cummulative Reward: 2202.1454976201057, Episode Timestpes: 2767,
Epsiode Cummulative Reward: 2768.003707945347, Episode Timestpes: 2214,
Epsiode Cummulative Reward: 2768.003692984581, Episode Timestpes: 2375,
Epsiode Cummulative Reward: 4653.638027369976, Episode Timestpes: 4500,
Epsiode Cummulative Reward: 2194.384777069092, Episode Timestpes: 2770,
Epsiode Cummulative Reward: 2232.161140501499, Episode Timestpes: 2037,
Epsiode Cummulative Reward: 2243.074300944805, Episode Timestpes: 3878,
Epsiode Cummulative Reward: 2202.1455026865005, Episode Timestpes: 4164,
Epsiode Cummulative Reward: 2767.164144396782, Episode Timestpes: 4195,
Epsiode Cummulative Reward: 2187.669009923935, Episode Timestpes: 3140,
Epsiode Cummulative Reward: 2765.485039949417, Episode Timestpes: 2220,
Epsiode Cummulative Reward: 1432.1424909830093, Episode Timestpes: 1654,
Epsiode Cummulative Reward: 1678.947839975357, Episode Timestpes: 1712,
Epsiode Cummulative Reward: 2192.9104129076004, Episode Timestpes: 3428,
Epsiode Cummulative Reward: 2795.708921253681, Episode Timestpes: 2712,
Epsiode Cummulative Reward: 2797.388029038906, Episode Timestpes: 1633,
Epsiode Cummulative Reward: 1881.2610418200493, Episode Timestpes: 3228,
Epsiode Cummulative Reward: 2771.3619081377983, Episode Timestpes: 2495,
Epsiode Cummulative Reward: 1648.0410150885582, Episode Timestpes: 1772,
Epsiode Cummulative Reward: 4902.984993994236, Episode Timestpes: 4500,
Epsiode Cummulative Reward: 2196.2686299085617, Episode Timestpes: 3929,
Epsiode Cummulative Reward: 1669.8693815469742, Episode Timestpes: 2606,
Epsiode Cummulative Reward: 2193.7499762177467, Episode Timestpes: 1269,
Epsiode Cummulative Reward: 1688.182046175003, Episode Timestpes: 587,
Epsiode Cummulative Reward: 1689.1790642142296, Episode Timestpes: 2592,
Epsiode Cummulative Reward: 2234.048469364643, Episode Timestpes: 3601,
Epsiode Cummulative Reward: 1647.2014708518982, Episode Timestpes: 1915,
Epsiode Cummulative Reward: 2775.3007839918137, Episode Timestpes: 3747,
Epsiode Cummulative Reward: 1216.5111606121063, Episode Timestpes: 4500,
Epsiode Cummulative Reward: 2796.5484712719917, Episode Timestpes: 1911,
Epsiode Cummulative Reward: 5011.659238278866, Episode Timestpes: 4500,
Epsiode Cummulative Reward: 2776.140236854553, Episode Timestpes: 2558,
Epsiode Cummulative Reward: 2778.0783229470253, Episode Timestpes: 2309,
Epsiode Cummulative Reward: 1643.8432610034943, Episode Timestpes: 3323,
Epsiode Cummulative Reward: 1644.6828069090843, Episode Timestpes: 2005,
Epsiode Cummulative Reward: 1694.0583434700966, Episode Timestpes: 1892,
Epsiode Cummulative Reward: 2765.4850407242775, Episode Timestpes: 2514,
Epsiode Cummulative Reward: 2796.548485815525, Episode Timestpes: 3327,
Epsiode Cummulative Reward: 2194.384830355644, Episode Timestpes: 1222,
Epsiode Cummulative Reward: 1684.1417741775513, Episode Timestpes: 1177,
Epsiode Cummulative Reward: 2215.578329026699, Episode Timestpes: 3949,
Epsiode Cummulative Reward: 1645.5223623514175, Episode Timestpes: 3266,
Epsiode Cummulative Reward: 1654.757438480854, Episode Timestpes: 4225,
Epsiode Cummulative Reward: 5525.093221187592, Episode Timestpes: 3146,
Epsiode Cummulative Reward: 1638.8059574365616, Episode Timestpes: 1425,
Epsiode Cummulative Reward: 4978.080306351185, Episode Timestpes: 4500,
Epsiode Cummulative Reward: 2776.3992079496384, Episode Timestpes: 3495,
Epsiode Cummulative Reward: 3144.1231071949005, Episode Timestpes: 1347,
Epsiode Cummulative Reward: 1691.6977387666702, Episode Timestpes: 3202,
Epsiode Cummulative Reward: 2773.8805623054504, Episode Timestpes: 1957,
Epsiode Cummulative Reward: 2773.041005194187, Episode Timestpes: 3116,
Epsiode Cummulative Reward: 2785.634297311306, Episode Timestpes: 1135,
Epsiode Cummulative Reward: 2965.2984766364098, Episode Timestpes: 4500,
Epsiode Cummulative Reward: 4947.019725322723, Episode Timestpes: 4500,
Epsiode Cummulative Reward: 1640.485054075718, Episode Timestpes: 1253,
Epsiode Cummulative Reward: 2219.77608948946, Episode Timestpes: 2809,
Epsiode Cummulative Reward: 1643.003702700138, Episode Timestpes: 1381,
Epsiode Cummulative Reward: 2797.3880140781403, Episode Timestpes: 3390,
Epsiode Cummulative Reward: 2795.708930373192, Episode Timestpes: 3733,
Epsiode Cummulative Reward: 2793.1902738809586, Episode Timestpes: 2896,
Epsiode Cummulative Reward: 2206.9769254922867, Episode Timestpes: 1870,
Epsiode Cummulative Reward: 1686.5030772686005, Episode Timestpes: 2688,
Epsiode Cummulative Reward: 2189.5522100925446, Episode Timestpes: 2767,
Epsiode Cummulative Reward: 4423.600697338581, Episode Timestpes: 2144,
Epsiode Cummulative Reward: 1659.7947465777397, Episode Timestpes: 2430,
Epsiode Cummulative Reward: 2794.8693649172783, Episode Timestpes: 1504,
Epsiode Cummulative Reward: 2191.0269095897675, Episode Timestpes: 2910,
Epsiode Cummulative Reward: 2224.8134043216705, Episode Timestpes: 1540,
Epsiode Cummulative Reward: 1661.4738574624062, Episode Timestpes: 487,
Epsiode Cummulative Reward: 2768.8432502150536, Episode Timestpes: 4089,
Epsiode Cummulative Reward: 1219.0298276543617, Episode Timestpes: 4500,
Epsiode Cummulative Reward: 1692.537286579609, Episode Timestpes: 4490,
Epsiode Cummulative Reward: 2187.8731048703194, Episode Timestpes: 1084,
Epsiode Cummulative Reward: 2207.182809948921, Episode Timestpes: 1095,
Epsiode Cummulative Reward: 3027.425317287445, Episode Timestpes: 4500,
Epsiode Cummulative Reward: 2943.4701052308083, Episode Timestpes: 4500,
Epsiode Cummulative Reward: 2797.127087175846, Episode Timestpes: 3198,
Epsiode Cummulative Reward: 1690.01863104105, Episode Timestpes: 1981,
Epsiode Cummulative Reward: 2796.5484722852707, Episode Timestpes: 1527,
Epsiode Cummulative Reward: 2785.634286046028, Episode Timestpes: 1830,
Epsiode Cummulative Reward: 2775.5596539974213, Episode Timestpes: 2232,
Epsiode Cummulative Reward: 2193.749975204468, Episode Timestpes: 2807,
Epsiode Cummulative Reward: 2199.6268302202225, Episode Timestpes: 2655,
Epsiode Cummulative Reward: 4246.455173611641, Episode Timestpes: 3555,
Epsiode Cummulative Reward: 2207.1828169226646, Episode Timestpes: 972,
Epsiode Cummulative Reward: 2796.5484768152237, Episode Timestpes: 2687,
Epsiode Cummulative Reward: 1658.1156465411186, Episode Timestpes: 1075,
Epsiode Cummulative Reward: 2808.3021965026855, Episode Timestpes: 4500,
Epsiode Cummulative Reward: 4869.402924597263, Episode Timestpes: 4500,
Epsiode Cummulative Reward: 3008.955168068409, Episode Timestpes: 4500,
Epsiode Cummulative Reward: 2774.7201070189476, Episode Timestpes: 1958,
Epsiode Cummulative Reward: 2192.07086199522, Episode Timestpes: 2463,
Epsiode Cummulative Reward: 348.4141745567322, Episode Timestpes: 86,
Epsiode Cummulative Reward: 2207.8164210915565, Episode Timestpes: 4048,
Epsiode Cummulative Reward: 1687.4999760389328, Episode Timestpes: 1143,
Epsiode Cummulative Reward: 3119.7760840654373, Episode Timestpes: 1990,
Epsiode Cummulative Reward: 1689.1790902018547, Episode Timestpes: 838,
Epsiode Cummulative Reward: 1648.8805651068687, Episode Timestpes: 3555,
Epsiode Cummulative Reward: 2773.04100471735, Episode Timestpes: 2038,
Epsiode Cummulative Reward: 1681.623104095459, Episode Timestpes: 3913,
Epsiode Cummulative Reward: 3087.0335415005684, Episode Timestpes: 1282,
Epsiode Cummulative Reward: 2780.5969738960266, Episode Timestpes: 2779,
Epsiode Cummulative Reward: 2763.805935740471, Episode Timestpes: 1982,
Epsiode Cummulative Reward: 2773.880549788475, Episode Timestpes: 2787,
Epsiode Cummulative Reward: 2773.6218202114105, Episode Timestpes: 1375,
Epsiode Cummulative Reward: 2207.182803571224, Episode Timestpes: 562,
Epsiode Cummulative Reward: 2954.384288609028, Episode Timestpes: 4500,
Epsiode Cummulative Reward: 1639.4925684332848, Episode Timestpes: 1169,
Epsiode Cummulative Reward: 4976.86559855938, Episode Timestpes: 4500,
Epsiode Cummulative Reward: 2781.1770706772804, Episode Timestpes: 2336,
Epsiode Cummulative Reward: 1692.5372894406319, Episode Timestpes: 702,
Epsiode Cummulative Reward: 2763.8059325814247, Episode Timestpes: 2087,
Epsiode Cummulative Reward: 2220.4085108041763, Episode Timestpes: 1981,
Epsiode Cummulative Reward: 1674.9066917300224, Episode Timestpes: 1611,
Epsiode Cummulative Reward: 3043.3768277168274, Episode Timestpes: 3142,
Epsiode Cummulative Reward: 3232.2760868668556, Episode Timestpes: 3023,
Epsiode Cummulative Reward: 2779.7574293613434, Episode Timestpes: 2222,
Epsiode Cummulative Reward: 1679.944009065628, Episode Timestpes: 2429,
Epsiode Cummulative Reward: 4938.2461993694305, Episode Timestpes: 4500,
Epsiode Cummulative Reward: 2795.7089110016823, Episode Timestpes: 1637,
Epsiode Cummulative Reward: 2206.343255341053, Episode Timestpes: 974,
Epsiode Cummulative Reward: 2798.806050181389, Episode Timestpes: 1072,
Epsiode Cummulative Reward: 1651.399235188961, Episode Timestpes: 1642,
Epsiode Cummulative Reward: 2208.8619139790535, Episode Timestpes: 1201,
Epsiode Cummulative Reward: 4895.429034471512, Episode Timestpes: 4500,
Epsiode Cummulative Reward: 3081.9962325692177, Episode Timestpes: 3980,
Epsiode Cummulative Reward: 2783.695509493351, Episode Timestpes: 1923,
Epsiode Cummulative Reward: 2778.078324854374, Episode Timestpes: 1090,
Epsiode Cummulative Reward: 5405.87674087286, Episode Timestpes: 4500,
Epsiode Cummulative Reward: 1679.9440028071404, Episode Timestpes: 1545,
Epsiode Cummulative Reward: 1428.0783410072327, Episode Timestpes: 2511,
Epsiode Cummulative Reward: 4801.399167597294, Episode Timestpes: 4500,
Epsiode Cummulative Reward: 2764.6454867720604, Episode Timestpes: 1157,
Epsiode Cummulative Reward: 1680.7835623025894, Episode Timestpes: 1369,
Epsiode Cummulative Reward: 2797.3880167007446, Episode Timestpes: 2388,
Epsiode Cummulative Reward: 2765.4850481152534, Episode Timestpes: 597,
Epsiode Cummulative Reward: 4947.481272578239, Episode Timestpes: 4500,
Epsiode Cummulative Reward: 2236.567136287689, Episode Timestpes: 1650,
Epsiode Cummulative Reward: 1648.7267845869064, Episode Timestpes: 1612,
Epsiode Cummulative Reward: 1678.947829246521, Episode Timestpes: 1420,
Epsiode Cummulative Reward: 2796.5484728217125, Episode Timestpes: 2682,
Epsiode Cummulative Reward: 2192.9104142785072, Episode Timestpes: 1643,
Epsiode Cummulative Reward: 1081.2423914670944, Episode Timestpes: 1044,
Epsiode Cummulative Reward: 2777.238764345646, Episode Timestpes: 1979,
Epsiode Cummulative Reward: 2794.0298087000847, Episode Timestpes: 3898,
Epsiode Cummulative Reward: 2208.8619126081467, Episode Timestpes: 2494,
Epsiode Cummulative Reward: 1674.9066970348358, Episode Timestpes: 745,
Epsiode Cummulative Reward: 559.9291052222252, Episode Timestpes: 251,
Epsiode Cummulative Reward: 5599.813327848911, Episode Timestpes: 4500,
Epsiode Cummulative Reward: 343.3768600821495, Episode Timestpes: 290,
Epsiode Cummulative Reward: 2782.8560498952866, Episode Timestpes: 1173,
Epsiode Cummulative Reward: 2781.1770907640457, Episode Timestpes: 2158,
Epsiode Cummulative Reward: 2773.8805663585663, Episode Timestpes: 1036,
Epsiode Cummulative Reward: 2786.4738423228264, Episode Timestpes: 3050,
Epsiode Cummulative Reward: 2250.839526474476, Episode Timestpes: 1288,
Epsiode Cummulative Reward: 2767.164142012596, Episode Timestpes: 925,
Epsiode Cummulative Reward: 3035.8208458423615, Episode Timestpes: 4500,
Epsiode Cummulative Reward: 2770.5223467350006, Episode Timestpes: 2345,
Epsiode Cummulative Reward: 2218.096982896328, Episode Timestpes: 1147,
Epsiode Cummulative Reward: 1687.3425833582878, Episode Timestpes: 699,
Epsiode Cummulative Reward: 2769.682806968689, Episode Timestpes: 1009,
Epsiode Cummulative Reward: 2207.1828109025955, Episode Timestpes: 1316,
Epsiode Cummulative Reward: 1658.115652859211, Episode Timestpes: 2141,
Epsiode Cummulative Reward: 2783.9551854729652, Episode Timestpes: 1631,
Epsiode Cummulative Reward: 2787.053403198719, Episode Timestpes: 1285,
Epsiode Cummulative Reward: 2789.8320655822754, Episode Timestpes: 2136,
Epsiode Cummulative Reward: 2794.029809951782, Episode Timestpes: 1650,
Epsiode Cummulative Reward: 2242.443999707699, Episode Timestpes: 1778,
Epsiode Cummulative Reward: 2769.6828030347824, Episode Timestpes: 1447,
Epsiode Cummulative Reward: 1789.9253527522087, Episode Timestpes: 1664,
Epsiode Cummulative Reward: 413.05969589948654, Episode Timestpes: 130,
Epsiode Cummulative Reward: 1674.906683087349, Episode Timestpes: 2461,
Epsiode Cummulative Reward: 1679.9440069198608, Episode Timestpes: 1390,
Epsiode Cummulative Reward: 3047.5745903253555, Episode Timestpes: 4500,
Epsiode Cummulative Reward: 2789.8320566415787, Episode Timestpes: 3045,
Epsiode Cummulative Reward: 3070.2424887418747, Episode Timestpes: 4500,
Epsiode Cummulative Reward: 2768.8432446718216, Episode Timestpes: 1758,
Epsiode Cummulative Reward: 1654.7574407458305, Episode Timestpes: 788,
Epsiode Cummulative Reward: 1426.2661743164062, Episode Timestpes: 1701,
Epsiode Cummulative Reward: 4935.26710152626, Episode Timestpes: 4500,
Epsiode Cummulative Reward: 2191.026921272278, Episode Timestpes: 1106,
Epsiode Cummulative Reward: 2773.8805686831474, Episode Timestpes: 1682,
Epsiode Cummulative Reward: 5599.291009008884, Episode Timestpes: 4500,
Epsiode Cummulative Reward: 2764.387610554695, Episode Timestpes: 1804,
Epsiode Cummulative Reward: 2765.485044360161, Episode Timestpes: 926,
Epsiode Cummulative Reward: 5470.5223152041435, Episode Timestpes: 4500,
Epsiode Cummulative Reward: 4961.753642499447, Episode Timestpes: 4500,
Epsiode Cummulative Reward: 1679.9440053105354, Episode Timestpes: 1022,
Epsiode Cummulative Reward: 4990.29843378067, Episode Timestpes: 4500,
Epsiode Cummulative Reward: 3024.0671107172966, Episode Timestpes: 4500,
Epsiode Cummulative Reward: 1170.3358033299446, Episode Timestpes: 1827,
Epsiode Cummulative Reward: 2212.2201132178307, Episode Timestpes: 1753,
Epsiode Cummulative Reward: 2767.164129436016, Episode Timestpes: 3285,
Epsiode Cummulative Reward: 4886.193962991238, Episode Timestpes: 4500,
Epsiode Cummulative Reward: 1692.3794170618057, Episode Timestpes: 1185,
Epsiode Cummulative Reward: 5520.380449771881, Episode Timestpes: 4500,
Epsiode Cummulative Reward: 1644.5294033885002, Episode Timestpes: 1177,
Epsiode Cummulative Reward: 1642.164151608944, Episode Timestpes: 1942,
Epsiode Cummulative Reward: 2207.1828100681305, Episode Timestpes: 861,
Epsiode Cummulative Reward: 2769.682780981064, Episode Timestpes: 2097,
Epsiode Cummulative Reward: 341.6977564692497, Episode Timestpes: 118,
Epsiode Cummulative Reward: 2788.9924998283386, Episode Timestpes: 1723,
Epsiode Cummulative Reward: 2780.3375893831253, Episode Timestpes: 3105,
Epsiode Cummulative Reward: 1690.0186336636543, Episode Timestpes: 612,
Epsiode Cummulative Reward: 1637.9663949012756, Episode Timestpes: 887,
Epsiode Cummulative Reward: 2215.5783343315125, Episode Timestpes: 818,
Epsiode Cummulative Reward: 1648.0410270094872, Episode Timestpes: 1215,
Epsiode Cummulative Reward: 2767.1641429662704, Episode Timestpes: 1026,
Epsiode Cummulative Reward: 4836.6603791713715, Episode Timestpes: 4500,
Epsiode Cummulative Reward: 3050.932789981365, Episode Timestpes: 4500,
Epsiode Cummulative Reward: 2797.9665568470955, Episode Timestpes: 2157,
Epsiode Cummulative Reward: 2765.4850385189056, Episode Timestpes: 1538,
Epsiode Cummulative Reward: 4971.364506959915, Episode Timestpes: 4500,
Epsiode Cummulative Reward: 2773.8805597424507, Episode Timestpes: 1646,
Epsiode Cummulative Reward: 4960.914110422134, Episode Timestpes: 4500,
Epsiode Cummulative Reward: 5635.074548840523, Episode Timestpes: 4500,
Epsiode Cummulative Reward: 4972.667844414711, Episode Timestpes: 4500,
Epsiode Cummulative Reward: 2213.899225950241, Episode Timestpes: 972,
Epsiode Cummulative Reward: 2798.2275642752647, Episode Timestpes: 3569,
Epsiode Cummulative Reward: 1637.9663950800896, Episode Timestpes: 674,
Epsiode Cummulative Reward: 2769.6827966570854, Episode Timestpes: 2933,
Epsiode Cummulative Reward: 1763.059672832489, Episode Timestpes: 876,
Epsiode Cummulative Reward: 5026.769801080227, Episode Timestpes: 4500,
Epsiode Cummulative Reward: 2232.3693836927414, Episode Timestpes: 705,
Epsiode Cummulative Reward: 2775.55966681242, Episode Timestpes: 1150,
Epsiode Cummulative Reward: 2763.805936038494, Episode Timestpes: 931,
Epsiode Cummulative Reward: 2197.1081783771515, Episode Timestpes: 1231,
Epsiode Cummulative Reward: 2768.843245744705, Episode Timestpes: 1167,
Epsiode Cummulative Reward: 2793.1902638077736, Episode Timestpes: 1443,
Epsiode Cummulative Reward: 2767.1641422510147, Episode Timestpes: 1086,
Epsiode Cummulative Reward: 1657.2761000990868, Episode Timestpes: 1455,
Epsiode Cummulative Reward: 1682.3057314753532, Episode Timestpes: 599,
Epsiode Cummulative Reward: 372.76118940114975, Episode Timestpes: 93,
Epsiode Cummulative Reward: 1695.8955022096634, Episode Timestpes: 744,
Epsiode Cummulative Reward: 2773.0409982800484, Episode Timestpes: 2637,
Epsiode Cummulative Reward: 4416.044704735279, Episode Timestpes: 2990,
Epsiode Cummulative Reward: 5295.895439982414, Episode Timestpes: 4500,
Epsiode Cummulative Reward: 1414.6455019712448, Episode Timestpes: 1127,
Epsiode Cummulative Reward: 3071.921583175659, Episode Timestpes: 4500,
Epsiode Cummulative Reward: 2236.567138314247, Episode Timestpes: 698,
Epsiode Cummulative Reward: 1654.7574477791786, Episode Timestpes: 943,
Epsiode Cummulative Reward: 2562.3134049773216, Episode Timestpes: 987,
Epsiode Cummulative Reward: 1448.227587223053, Episode Timestpes: 1231,
Epsiode Cummulative Reward: 2797.388019800186, Episode Timestpes: 2480,
Epsiode Cummulative Reward: 2224.813403248787, Episode Timestpes: 1095,
Epsiode Cummulative Reward: 2783.9551753997803, Episode Timestpes: 3607,
Epsiode Cummulative Reward: 346.7350707054138, Episode Timestpes: 275,
Epsiode Cummulative Reward: 2797.3880131840706, Episode Timestpes: 2092,
Epsiode Cummulative Reward: 1694.2163974642754, Episode Timestpes: 795,
Epsiode Cummulative Reward: 5640.1118530631065, Episode Timestpes: 4500,
Epsiode Cummulative Reward: 1688.33952075243, Episode Timestpes: 1102,
Epsiode Cummulative Reward: 2788.9924926757812, Episode Timestpes: 2142,
Epsiode Cummulative Reward: 2778.0783180594444, Episode Timestpes: 1497,
Epsiode Cummulative Reward: 5490.671551764011, Episode Timestpes: 4500,
Epsiode Cummulative Reward: 4243.936516284943, Episode Timestpes: 1664,
Epsiode Cummulative Reward: 4934.8879861831665, Episode Timestpes: 4500,
Epsiode Cummulative Reward: 1420.5223710536957, Episode Timestpes: 1516,
Epsiode Cummulative Reward: 2770.2638917565346, Episode Timestpes: 3719,
Epsiode Cummulative Reward: 1641.324601829052, Episode Timestpes: 1003,
Epsiode Cummulative Reward: 1684.1417704820633, Episode Timestpes: 690,
Epsiode Cummulative Reward: 2794.8693732619286, Episode Timestpes: 2001,
Epsiode Cummulative Reward: 1674.906686246395, Episode Timestpes: 1438,
Epsiode Cummulative Reward: 1641.324601650238, Episode Timestpes: 960,
Epsiode Cummulative Reward: 2249.160424351692, Episode Timestpes: 1207,
Epsiode Cummulative Reward: 1681.623118877411, Episode Timestpes: 893,
Epsiode Cummulative Reward: 2209.4953456521034, Episode Timestpes: 865,
Epsiode Cummulative Reward: 3060.721902489662, Episode Timestpes: 982,
Epsiode Cummulative Reward: 2976.2126341462135, Episode Timestpes: 4500,
Epsiode Cummulative Reward: 2764.6454867720604, Episode Timestpes: 1154,
Epsiode Cummulative Reward: 2769.6828132271767, Episode Timestpes: 1064,
Epsiode Cummulative Reward: 4947.481278717518, Episode Timestpes: 4500,
Epsiode Cummulative Reward: 5122.947705924511, Episode Timestpes: 4500,
Epsiode Cummulative Reward: 1419.6828138232231, Episode Timestpes: 1051,
Epsiode Cummulative Reward: 4927.331993818283, Episode Timestpes: 4500,
Epsiode Cummulative Reward: 2250.8395250439644, Episode Timestpes: 680,
Epsiode Cummulative Reward: 5094.402895689011, Episode Timestpes: 4500,
Epsiode Cummulative Reward: 1653.9178953170776, Episode Timestpes: 1380,
Epsiode Cummulative Reward: 2206.3432532548904, Episode Timestpes: 1409,
Epsiode Cummulative Reward: 1080.5037173628807, Episode Timestpes: 361,
Epsiode Cummulative Reward: 4387.499937295914, Episode Timestpes: 3374,
Epsiode Cummulative Reward: 475.9817141890526, Episode Timestpes: 240,
Epsiode Cummulative Reward: 2910.7275606393814, Episode Timestpes: 4500,
Epsiode Cummulative Reward: 2794.8693637251854, Episode Timestpes: 2023,
Epsiode Cummulative Reward: 5222.0148512125015, Episode Timestpes: 3073,
Epsiode Cummulative Reward: 5968.376778721809, Episode Timestpes: 4500,
Epsiode Cummulative Reward: 2773.041007399559, Episode Timestpes: 1264,
Epsiode Cummulative Reward: 2794.869367837906, Episode Timestpes: 1878,
Epsiode Cummulative Reward: 2208.8619076013565, Episode Timestpes: 604,
Epsiode Cummulative Reward: 4980.223794579506, Episode Timestpes: 4500,
Epsiode Cummulative Reward: 5944.029759585857, Episode Timestpes: 4500,
Epsiode Cummulative Reward: 1687.4999795556068, Episode Timestpes: 571,
Epsiode Cummulative Reward: 2765.4850457310677, Episode Timestpes: 1204,
Epsiode Cummulative Reward: 2775.559665441513, Episode Timestpes: 880,
Epsiode Cummulative Reward: 4981.902900874615, Episode Timestpes: 4500,
Epsiode Cummulative Reward: 2208.86191034317, Episode Timestpes: 1851,
Epsiode Cummulative Reward: 2197.9477358460426, Episode Timestpes: 769,
Epsiode Cummulative Reward: 5597.2946898937225, Episode Timestpes: 4500,
Epsiode Cummulative Reward: 5605.167327463627, Episode Timestpes: 4500,
Epsiode Cummulative Reward: 2794.8693594932556, Episode Timestpes: 1424,
Epsiode Cummulative Reward: 5007.929041862488, Episode Timestpes: 4500,
Epsiode Cummulative Reward: 4980.598723292351, Episode Timestpes: 4500,
Epsiode Cummulative Reward: 2239.085797548294, Episode Timestpes: 828,
Epsiode Cummulative Reward: 366.0447720885277, Episode Timestpes: 180,
Epsiode Cummulative Reward: 3081.1566675901413, Episode Timestpes: 4500,
Epsiode Cummulative Reward: 5637.067356348038, Episode Timestpes: 2304,
Epsiode Cummulative Reward: 1684.1417700052261, Episode Timestpes: 1196,
Epsiode Cummulative Reward: 2938.4327807426453, Episode Timestpes: 4500,
Epsiode Cummulative Reward: 4856.809615135193, Episode Timestpes: 4500,
Epsiode Cummulative Reward: 2201.305939733982, Episode Timestpes: 1002,
Epsiode Cummulative Reward: 2766.3245962262154, Episode Timestpes: 789,
Epsiode Cummulative Reward: 4942.443953812122, Episode Timestpes: 4500,
Epsiode Cummulative Reward: 5524.25364202261, Episode Timestpes: 4500,
Epsiode Cummulative Reward: 5619.123016655445, Episode Timestpes: 4500,
Epsiode Cummulative Reward: 2211.3805642724037, Episode Timestpes: 891,
Epsiode Cummulative Reward: 5632.555874705315, Episode Timestpes: 4500,
Epsiode Cummulative Reward: 5012.966349542141, Episode Timestpes: 4500,
Epsiode Cummulative Reward: 2789.8320587277412, Episode Timestpes: 814,
Epsiode Cummulative Reward: 1685.820886015892, Episode Timestpes: 828,
Epsiode Cummulative Reward: 5040.671568036079, Episode Timestpes: 4500,
Epsiode Cummulative Reward: 2768.843249797821, Episode Timestpes: 979,
Epsiode Cummulative Reward: 2767.164150774479, Episode Timestpes: 908,
Epsiode Cummulative Reward: 2795.4481110572815, Episode Timestpes: 2707,
Epsiode Cummulative Reward: 2207.816403925419, Episode Timestpes: 1126,
Epsiode Cummulative Reward: 3263.3395048975945, Episode Timestpes: 1819,
Epsiode Cummulative Reward: 1693.3768472075462, Episode Timestpes: 729,
Epsiode Cummulative Reward: 2768.0036972761154, Episode Timestpes: 764,
Epsiode Cummulative Reward: 5958.302157044411, Episode Timestpes: 4500,
Epsiode Cummulative Reward: 2784.7947484254837, Episode Timestpes: 1862,
Epsiode Cummulative Reward: 4954.197672724724, Episode Timestpes: 4500,
Epsiode Cummulative Reward: 2794.8693566918373, Episode Timestpes: 1895,
Epsiode Cummulative Reward: 1653.9178887605667, Episode Timestpes: 1877,
Epsiode Cummulative Reward: 4941.982905566692, Episode Timestpes: 4500,
Epsiode Cummulative Reward: 5038.152910590172, Episode Timestpes: 4500,
Epsiode Cummulative Reward: 1421.3619250059128, Episode Timestpes: 696,
Epsiode Cummulative Reward: 2793.7691630125046, Episode Timestpes: 2522,
Epsiode Cummulative Reward: 2773.8805490732193, Episode Timestpes: 815,
Epsiode Cummulative Reward: 2784.7947319746017, Episode Timestpes: 2280,
Epsiode Cummulative Reward: 5609.048411428928, Episode Timestpes: 4355,
Epsiode Cummulative Reward: 2207.1828083992004, Episode Timestpes: 812,
Epsiode Cummulative Reward: 2195.4290825128555, Episode Timestpes: 555,
Epsiode Cummulative Reward: 3023.2275609970093, Episode Timestpes: 4500,
Epsiode Cummulative Reward: 2792.3507044911385, Episode Timestpes: 2241,
Epsiode Cummulative Reward: 3249.9066753983498, Episode Timestpes: 867,
Epsiode Cummulative Reward: 2771.3619018793106, Episode Timestpes: 1080,
Epsiode Cummulative Reward: 5581.34319794178, Episode Timestpes: 4500,
Epsiode Cummulative Reward: 1449.9066999554634, Episode Timestpes: 610,
Epsiode Cummulative Reward: 1725.2798268198967, Episode Timestpes: 992,
Epsiode Cummulative Reward: 5588.059602200985, Episode Timestpes: 3185,
Epsiode Cummulative Reward: 2770.5223497748375, Episode Timestpes: 2758,
Epsiode Cummulative Reward: 2774.7201116085052, Episode Timestpes: 608,
Epsiode Cummulative Reward: 4958.395441532135, Episode Timestpes: 4500,
Epsiode Cummulative Reward: 3057.64921605587, Episode Timestpes: 4500,
Epsiode Cummulative Reward: 4978.544692873955, Episode Timestpes: 4500,
Epsiode Cummulative Reward: 2796.5484713315964, Episode Timestpes: 2658,
Epsiode Cummulative Reward: 3032.4626253843307, Episode Timestpes: 4500,
Epsiode Cummulative Reward: 5615.764848351479, Episode Timestpes: 4500,
Epsiode Cummulative Reward: 5609.887979209423, Episode Timestpes: 4500,
Epsiode Cummulative Reward: 5660.572623074055, Episode Timestpes: 4500,
Epsiode Cummulative Reward: 5626.154157757759, Episode Timestpes: 4500,
Epsiode Cummulative Reward: 1696.735055923462, Episode Timestpes: 716,
Epsiode Cummulative Reward: 340.85820358991623, Episode Timestpes: 152,
Epsiode Cummulative Reward: 5932.276034295559, Episode Timestpes: 4500,
Epsiode Cummulative Reward: 2767.164154291153, Episode Timestpes: 466,
Epsiode Cummulative Reward: 5526.7722954154015, Episode Timestpes: 4500,
Epsiode Cummulative Reward: 2794.869367957115, Episode Timestpes: 533,
Epsiode Cummulative Reward: 5620.80215460062, Episode Timestpes: 4500,
Epsiode Cummulative Reward: 1435.6343088150024, Episode Timestpes: 1167,
Epsiode Cummulative Reward: 4381.623062074184, Episode Timestpes: 2113,
Epsiode Cummulative Reward: 2207.182810008526, Episode Timestpes: 650,
Epsiode Cummulative Reward: 2782.276087343693, Episode Timestpes: 1039,
Epsiode Cummulative Reward: 2228.171615898609, Episode Timestpes: 641,
Epsiode Cummulative Reward: 1684.9813247919083, Episode Timestpes: 940,
Epsiode Cummulative Reward: 1678.9478462338448, Episode Timestpes: 484,
Epsiode Cummulative Reward: 3070.2424916028976, Episode Timestpes: 4500,
Epsiode Cummulative Reward: 3028.2648681402206, Episode Timestpes: 4500,
Epsiode Cummulative Reward: 5644.309623360634, Episode Timestpes: 4500,
Epsiode Cummulative Reward: 5608.208859562874, Episode Timestpes: 4500,
Epsiode Cummulative Reward: 2771.361905813217, Episode Timestpes: 1835,
Epsiode Cummulative Reward: 2765.485039830208, Episode Timestpes: 827,
Epsiode Cummulative Reward: 5643.470054328442, Episode Timestpes: 4266,
Epsiode Cummulative Reward: 2790.671604990959, Episode Timestpes: 1419,
Epsiode Cummulative Reward: 2792.350701868534, Episode Timestpes: 3251,
Epsiode Cummulative Reward: 3485.820849239826, Episode Timestpes: 4500,
Epsiode Cummulative Reward: 5554.477518081665, Episode Timestpes: 4500,
Epsiode Cummulative Reward: 5565.391702353954, Episode Timestpes: 4500,
Epsiode Cummulative Reward: 3039.179046213627, Episode Timestpes: 4500,
Epsiode Cummulative Reward: 1635.4477396011353, Episode Timestpes: 570,
Epsiode Cummulative Reward: 2217.257438182831, Episode Timestpes: 797,
Epsiode Cummulative Reward: 2188.712654173374, Episode Timestpes: 820,
Epsiode Cummulative Reward: 1641.1715180277824, Episode Timestpes: 450,
Epsiode Cummulative Reward: 4944.123060405254, Episode Timestpes: 4500,
Epsiode Cummulative Reward: 5487.313335120678, Episode Timestpes: 4500,
Epsiode Cummulative Reward: 5438.619312047958, Episode Timestpes: 4500,
Epsiode Cummulative Reward: 2766.324594914913, Episode Timestpes: 693,
Epsiode Cummulative Reward: 1674.9066951870918, Episode Timestpes: 383,
Epsiode Cummulative Reward: 2796.5484617352486, Episode Timestpes: 2478,
Epsiode Cummulative Reward: 4933.208869814873, Episode Timestpes: 4500,
Epsiode Cummulative Reward: 1657.276093363762, Episode Timestpes: 873,
Epsiode Cummulative Reward: 2208.022361457348, Episode Timestpes: 495,
Epsiode Cummulative Reward: 2189.552212536335, Episode Timestpes: 498,
Epsiode Cummulative Reward: 3429.5708315968513, Episode Timestpes: 4500,
Epsiode Cummulative Reward: 1643.843260705471, Episode Timestpes: 440,
Epsiode Cummulative Reward: 2795.4481563568115, Episode Timestpes: 786,
Epsiode Cummulative Reward: 359.32835441827774, Episode Timestpes: 138,
Epsiode Cummulative Reward: 2792.929722428322, Episode Timestpes: 1500,
Epsiode Cummulative Reward: 5637.593215048313, Episode Timestpes: 2713,
Epsiode Cummulative Reward: 2786.4738366007805, Episode Timestpes: 2851,
Epsiode Cummulative Reward: 1688.1820484995842, Episode Timestpes: 669,
Epsiode Cummulative Reward: 2763.805936574936, Episode Timestpes: 646,
Epsiode Cummulative Reward: 421.45521980524063, Episode Timestpes: 170,
Epsiode Cummulative Reward: 5000.373063802719, Episode Timestpes: 4500,
Epsiode Cummulative Reward: 2771.3619121313095, Episode Timestpes: 757,
Epsiode Cummulative Reward: 5817.257363557816, Episode Timestpes: 4500,
Epsiode Cummulative Reward: 353.451488673687, Episode Timestpes: 187,
Epsiode Cummulative Reward: 3298.6007003188133, Episode Timestpes: 1914,
Epsiode Cummulative Reward: 2247.481319785118, Episode Timestpes: 620,
Epsiode Cummulative Reward: 5536.0073826909065, Episode Timestpes: 3596,
Epsiode Cummulative Reward: 5592.257393538952, Episode Timestpes: 4500,
Epsiode Cummulative Reward: 2207.182813346386, Episode Timestpes: 508,
Epsiode Cummulative Reward: 2775.5596596598625, Episode Timestpes: 1490,
Epsiode Cummulative Reward: 5671.175272703171, Episode Timestpes: 4500,
Epsiode Cummulative Reward: 5506.623032033443, Episode Timestpes: 3877,
Epsiode Cummulative Reward: 3054.8455983400345, Episode Timestpes: 4500,
Epsiode Cummulative Reward: 5609.8879717588425, Episode Timestpes: 4500,
Epsiode Cummulative Reward: 2794.8693665266037, Episode Timestpes: 1082,
Epsiode Cummulative Reward: 3056.8096381425858, Episode Timestpes: 4500,
Epsiode Cummulative Reward: 5002.052162051201, Episode Timestpes: 4500,
Epsiode Cummulative Reward: 2778.9178622365, Episode Timestpes: 2718,
Epsiode Cummulative Reward: 5535.16783362627, Episode Timestpes: 4500,
Epsiode Cummulative Reward: 5594.776024758816, Episode Timestpes: 4500,
Epsiode Cummulative Reward: 4965.488189101219, Episode Timestpes: 4500,
Epsiode Cummulative Reward: 2783.9552001953125, Episode Timestpes: 1332,
Epsiode Cummulative Reward: 2774.720111012459, Episode Timestpes: 978,
Epsiode Cummulative Reward: 2771.103438615799, Episode Timestpes: 790,
Epsiode Cummulative Reward: 3874.1721254587173, Episode Timestpes: 2183,
Epsiode Cummulative Reward: 4407.649190485477, Episode Timestpes: 2230,
Epsiode Cummulative Reward: 2236.358543097973, Episode Timestpes: 662,
Epsiode Cummulative Reward: 4957.555897533894, Episode Timestpes: 4500,
Epsiode Cummulative Reward: 2220.6156471967697, Episode Timestpes: 762,
Epsiode Cummulative Reward: 5553.637961030006, Episode Timestpes: 4500,
Epsiode Cummulative Reward: 5500.74616843462, Episode Timestpes: 4500,
Epsiode Cummulative Reward: 2239.0857985019684, Episode Timestpes: 455,
Epsiode Cummulative Reward: 7346.081976234913, Episode Timestpes: 4500,
Epsiode Cummulative Reward: 5945.708864033222, Episode Timestpes: 4500,
Epsiode Cummulative Reward: 2774.7201151251793, Episode Timestpes: 1658,
Epsiode Cummulative Reward: 5014.64544326067, Episode Timestpes: 4500,
Epsiode Cummulative Reward: 1639.6455048918724, Episode Timestpes: 395,
Epsiode Cummulative Reward: 2783.9551827311516, Episode Timestpes: 1331,
Epsiode Cummulative Reward: 3043.3768157958984, Episode Timestpes: 4500,
Epsiode Cummulative Reward: 5963.33946198225, Episode Timestpes: 4500,
Epsiode Cummulative Reward: 2782.2760801315308, Episode Timestpes: 1653,
Epsiode Cummulative Reward: 5412.593179762363, Episode Timestpes: 4500,
Epsiode Cummulative Reward: 1669.0298281311989, Episode Timestpes: 313,
Epsiode Cummulative Reward: 1656.4365468025208, Episode Timestpes: 514,
Epsiode Cummulative Reward: 2217.0506181120872, Episode Timestpes: 1337,
Epsiode Cummulative Reward: 5598.134245932102, Episode Timestpes: 4500,
Epsiode Cummulative Reward: 5604.850667357445, Episode Timestpes: 4500,
Epsiode Cummulative Reward: 1668.190279662609, Episode Timestpes: 651,
Epsiode Cummulative Reward: 7299.067076086998, Episode Timestpes: 4500,
Epsiode Cummulative Reward: 3049.2536789774895, Episode Timestpes: 4500,
Epsiode Cummulative Reward: 2211.380569279194, Episode Timestpes: 429,
Epsiode Cummulative Reward: 5656.063359320164, Episode Timestpes: 4500,
Epsiode Cummulative Reward: 2277.70519644022, Episode Timestpes: 333,
Epsiode Cummulative Reward: 2943.1955661177635, Episode Timestpes: 872,
Epsiode Cummulative Reward: 2766.066568672657, Episode Timestpes: 1195,
Epsiode Cummulative Reward: 5951.585734248161, Episode Timestpes: 4500,
Epsiode Cummulative Reward: 3483.30219745636, Episode Timestpes: 4500,
Epsiode Cummulative Reward: 5398.3208221793175, Episode Timestpes: 4500,
Epsiode Cummulative Reward: 4947.859225273132, Episode Timestpes: 4500,
Epsiode Cummulative Reward: 2764.6454694271088, Episode Timestpes: 2690,
Epsiode Cummulative Reward: 5546.081995010376, Episode Timestpes: 4500,
Epsiode Cummulative Reward: 5588.899171590805, Episode Timestpes: 4500,
Epsiode Cummulative Reward: 5603.171547114849, Episode Timestpes: 4500,
Epsiode Cummulative Reward: 3081.156670510769, Episode Timestpes: 4500,
Epsiode Cummulative Reward: 8332.555867433548, Episode Timestpes: 4500,
Epsiode Cummulative Reward: 5606.52976077795, Episode Timestpes: 4500,
Epsiode Cummulative Reward: 3515.2051693201065, Episode Timestpes: 4500,
Epsiode Cummulative Reward: 2771.9428721666336, Episode Timestpes: 1227,
Epsiode Cummulative Reward: 3043.3768076896667, Episode Timestpes: 4500,
Epsiode Cummulative Reward: 5595.615594804287, Episode Timestpes: 4500,
Epsiode Cummulative Reward: 1641.324611902237, Episode Timestpes: 558,
Epsiode Cummulative Reward: 1645.5223655700684, Episode Timestpes: 648,
Epsiode Cummulative Reward: 5939.832000911236, Episode Timestpes: 4500,
Epsiode Cummulative Reward: 4984.421556651592, Episode Timestpes: 4500,
Epsiode Cummulative Reward: 3150.8395140767097, Episode Timestpes: 1214,
Epsiode Cummulative Reward: 1426.3992374539375, Episode Timestpes: 326,
Epsiode Cummulative Reward: 2790.6715978980064, Episode Timestpes: 1449,
Epsiode Cummulative Reward: 2789.8320665359497, Episode Timestpes: 1046,
Epsiode Cummulative Reward: 8444.216299831867, Episode Timestpes: 4500,
Epsiode Cummulative Reward: 1645.5223677158356, Episode Timestpes: 458,
Epsiode Cummulative Reward: 2769.682801783085, Episode Timestpes: 720,
Epsiode Cummulative Reward: 355.9701449275017, Episode Timestpes: 134,
Epsiode Cummulative Reward: 2762.966386258602, Episode Timestpes: 619,
Epsiode Cummulative Reward: 2217.257437288761, Episode Timestpes: 578,
Epsiode Cummulative Reward: 363.5261149406433, Episode Timestpes: 74,
Epsiode Cummulative Reward: 5482.604152441025, Episode Timestpes: 4500,
Epsiode Cummulative Reward: 5644.309621095657, Episode Timestpes: 4173,
Epsiode Cummulative Reward: 346.73507130146027, Episode Timestpes: 98,
Epsiode Cummulative Reward: 2166.0447474718094, Episode Timestpes: 835,
Epsiode Cummulative Reward: 4943.283497035503, Episode Timestpes: 4500,
Epsiode Cummulative Reward: 361.8470110297203, Episode Timestpes: 126,
Epsiode Cummulative Reward: 2889.738749563694, Episode Timestpes: 4500,
Epsiode Cummulative Reward: 8563.432727575302, Episode Timestpes: 4500,
Epsiode Cummulative Reward: 5653.544680297375, Episode Timestpes: 4500,
Epsiode Cummulative Reward: 2949.3469607830048, Episode Timestpes: 4500,
Epsiode Cummulative Reward: 3406.0633867383003, Episode Timestpes: 4500,
Epsiode Cummulative Reward: 3057.363970220089, Episode Timestpes: 4500,
Epsiode Cummulative Reward: 5448.185667216778, Episode Timestpes: 4500,
Epsiode Cummulative Reward: 5606.006799817085, Episode Timestpes: 4079,
Epsiode Cummulative Reward: 1444.029834806919, Episode Timestpes: 337,
Epsiode Cummulative Reward: 4702.332026958466, Episode Timestpes: 4500,
Epsiode Cummulative Reward: 2217.25744587183, Episode Timestpes: 597,
Epsiode Cummulative Reward: 1682.3057401180267, Episode Timestpes: 339,
Epsiode Cummulative Reward: 1659.7947539687157, Episode Timestpes: 367,
Epsiode Cummulative Reward: 5027.238724172115, Episode Timestpes: 4500,
Epsiode Cummulative Reward: 2788.7323516607285, Episode Timestpes: 1536,
Epsiode Cummulative Reward: 5008.768585085869, Episode Timestpes: 4500,
Epsiode Cummulative Reward: 1674.9066984057426, Episode Timestpes: 550,
Epsiode Cummulative Reward: 2236.5671367645264, Episode Timestpes: 303,
Epsiode Cummulative Reward: 5633.70942813158, Episode Timestpes: 4500,
Epsiode Cummulative Reward: 4991.977532446384, Episode Timestpes: 4500,
Epsiode Cummulative Reward: 2780.5969789624214, Episode Timestpes: 525,
Epsiode Cummulative Reward: 5632.555878579617, Episode Timestpes: 4500,
Epsiode Cummulative Reward: 1694.058360517025, Episode Timestpes: 514,
Epsiode Cummulative Reward: 5655.223794460297, Episode Timestpes: 4500,
Epsiode Cummulative Reward: 1652.238787829876, Episode Timestpes: 499,
Epsiode Cummulative Reward: 5954.943954586983, Episode Timestpes: 4500,
Epsiode Cummulative Reward: 2772.2014530301094, Episode Timestpes: 838,
Epsiode Cummulative Reward: 2794.8693551421165, Episode Timestpes: 1665,
Epsiode Cummulative Reward: 3069.402937233448, Episode Timestpes: 4500,
Epsiode Cummulative Reward: 5976.772301435471, Episode Timestpes: 4500,
Epsiode Cummulative Reward: 2956.902950644493, Episode Timestpes: 1151,
Epsiode Cummulative Reward: 2768.0036999583244, Episode Timestpes: 1803,
Epsiode Cummulative Reward: 1639.6455062031746, Episode Timestpes: 342,
Epsiode Cummulative Reward: 366.0447718501091, Episode Timestpes: 139,
Epsiode Cummulative Reward: 2207.182808160782, Episode Timestpes: 477,
Epsiode Cummulative Reward: 2795.4481402635574, Episode Timestpes: 1323,
Epsiode Cummulative Reward: 2769.682807266712, Episode Timestpes: 1281,
Epsiode Cummulative Reward: 4987.779760122299, Episode Timestpes: 4500,
Epsiode Cummulative Reward: 6099.617492735386, Episode Timestpes: 4500,
Epsiode Cummulative Reward: 1664.8320696353912, Episode Timestpes: 367,
Epsiode Cummulative Reward: 5661.100639402866, Episode Timestpes: 4500,
Epsiode Cummulative Reward: 2778.0783239006996, Episode Timestpes: 1779,
Epsiode Cummulative Reward: 5585.019954502583, Episode Timestpes: 4500,
Epsiode Cummulative Reward: 2786.473841071129, Episode Timestpes: 1274,
Epsiode Cummulative Reward: 2977.891739189625, Episode Timestpes: 4500,
Epsiode Cummulative Reward: 2771.36190867424, Episode Timestpes: 998,
Epsiode Cummulative Reward: 3007.835033595562, Episode Timestpes: 2062,
Epsiode Cummulative Reward: 5555.317077815533, Episode Timestpes: 3399,
Epsiode Cummulative Reward: 2764.645478606224, Episode Timestpes: 1712,
Epsiode Cummulative Reward: 1079.6641653776169, Episode Timestpes: 188,
Epsiode Cummulative Reward: 2779.4981424212456, Episode Timestpes: 1570,
Epsiode Cummulative Reward: 2776.399226486683, Episode Timestpes: 608,
Epsiode Cummulative Reward: 5647.667821526527, Episode Timestpes: 3503,
Epsiode Cummulative Reward: 2792.350712954998, Episode Timestpes: 1325,
Epsiode Cummulative Reward: 5632.555872917175, Episode Timestpes: 4500,
Epsiode Cummulative Reward: 2213.8992287516594, Episode Timestpes: 463,
Epsiode Cummulative Reward: 1427.2387899756432, Episode Timestpes: 394,
Epsiode Cummulative Reward: 4924.8133598566055, Episode Timestpes: 4500,
Epsiode Cummulative Reward: 5600.65289324522, Episode Timestpes: 4500,
Epsiode Cummulative Reward: 3030.7835294008255, Episode Timestpes: 4500,
Epsiode Cummulative Reward: 4998.693952977657, Episode Timestpes: 4500,
Epsiode Cummulative Reward: 4915.5783069729805, Episode Timestpes: 4500,
Epsiode Cummulative Reward: 2773.0409972667694, Episode Timestpes: 1414,
Epsiode Cummulative Reward: 1640.3320481777191, Episode Timestpes: 437,
Epsiode Cummulative Reward: 3460.6342626810074, Episode Timestpes: 4500,
Epsiode Cummulative Reward: 5601.809444844723, Episode Timestpes: 4500,
Epsiode Cummulative Reward: 336.62904500961304, Episode Timestpes: 89,
Epsiode Cummulative Reward: 4952.518602848053, Episode Timestpes: 4500,
Epsiode Cummulative Reward: 5940.95687019825, Episode Timestpes: 4500,
Epsiode Cummulative Reward: 5963.339474141598, Episode Timestpes: 4500,
Epsiode Cummulative Reward: 5654.696301341057, Episode Timestpes: 4500,
Epsiode Cummulative Reward: 3514.3656130433083, Episode Timestpes: 4500,
Epsiode Cummulative Reward: 2765.4850428700447, Episode Timestpes: 478,
Epsiode Cummulative Reward: 5625.839446902275, Episode Timestpes: 4500,
Epsiode Cummulative Reward: 5979.290960490704, Episode Timestpes: 4500,
Epsiode Cummulative Reward: 3884.608154594898, Episode Timestpes: 1672,
Epsiode Cummulative Reward: 5604.850664913654, Episode Timestpes: 4500,
Epsiode Cummulative Reward: 3061.8469616770744, Episode Timestpes: 4500,
Epsiode Cummulative Reward: 5584.701398491859, Episode Timestpes: 4500,
Epsiode Cummulative Reward: 5625.839456856251, Episode Timestpes: 4500,
Epsiode Cummulative Reward: 5016.324550807476, Episode Timestpes: 4500,
Epsiode Cummulative Reward: 3039.1790583133698, Episode Timestpes: 4500,
Epsiode Cummulative Reward: 4986.100655019283, Episode Timestpes: 4500,
Epsiode Cummulative Reward: 5963.339469134808, Episode Timestpes: 4500,
Epsiode Cummulative Reward: 5934.794694721699, Episode Timestpes: 4500,
Epsiode Cummulative Reward: 356.80969774723053, Episode Timestpes: 96,
Epsiode Cummulative Reward: 3088.7126371860504, Episode Timestpes: 4500,
Epsiode Cummulative Reward: 2795.7089236974716, Episode Timestpes: 1528,
Epsiode Cummulative Reward: 1636.2872923016548, Episode Timestpes: 386,
Epsiode Cummulative Reward: 5588.059617400169, Episode Timestpes: 4500,
Epsiode Cummulative Reward: 5593.096926808357, Episode Timestpes: 4500,
Epsiode Cummulative Reward: 8320.025969684124, Episode Timestpes: 4500,
Epsiode Cummulative Reward: 5506.623053729534, Episode Timestpes: 4500,
Epsiode Cummulative Reward: 5650.186485886574, Episode Timestpes: 4500,
Epsiode Cummulative Reward: 3085.3544473052025, Episode Timestpes: 4500,
Epsiode Cummulative Reward: 2248.950636446476, Episode Timestpes: 490,
Epsiode Cummulative Reward: 5606.529764711857, Episode Timestpes: 4500,
Epsiode Cummulative Reward: 8518.096899330616, Episode Timestpes: 4500,
Epsiode Cummulative Reward: 5020.522303402424, Episode Timestpes: 4500,
Epsiode Cummulative Reward: 7881.716320455074, Episode Timestpes: 4500,
Epsiode Cummulative Reward: 5646.828263103962, Episode Timestpes: 4500,
Epsiode Cummulative Reward: 4962.593216240406, Episode Timestpes: 4500,
Epsiode Cummulative Reward: 2789.8320567011833, Episode Timestpes: 724,
Epsiode Cummulative Reward: 5659.421558737755, Episode Timestpes: 4500,
Epsiode Cummulative Reward: 2790.671607553959, Episode Timestpes: 945,
Epsiode Cummulative Reward: 5647.667817056179, Episode Timestpes: 4500,
Epsiode Cummulative Reward: 2777.819205582142, Episode Timestpes: 645,
Epsiode Cummulative Reward: 3047.5745747089386, Episode Timestpes: 4500,
Epsiode Cummulative Reward: 355.0974696278572, Episode Timestpes: 96,
Epsiode Cummulative Reward: 5609.048423290253, Episode Timestpes: 4500,
Epsiode Cummulative Reward: 5606.006798923016, Episode Timestpes: 4500,
Epsiode Cummulative Reward: 3085.3544122576714, Episode Timestpes: 4500,
Epsiode Cummulative Reward: 5666.97752648592, Episode Timestpes: 3363,
Epsiode Cummulative Reward: 5631.716319382191, Episode Timestpes: 4500,
Epsiode Cummulative Reward: 4992.8170801997185, Episode Timestpes: 4500,
Epsiode Cummulative Reward: 5617.443938612938, Episode Timestpes: 4500,
Epsiode Cummulative Reward: 5638.432767987251, Episode Timestpes: 4500,
Epsiode Cummulative Reward: 5646.828258574009, Episode Timestpes: 4500,
Epsiode Cummulative Reward: 5977.611840188503, Episode Timestpes: 4500,
Epsiode Cummulative Reward: 5651.865589022636, Episode Timestpes: 4500,
Epsiode Cummulative Reward: 5536.846931576729, Episode Timestpes: 3904,
Epsiode Cummulative Reward: 5946.548427641392, Episode Timestpes: 4500,
Epsiode Cummulative Reward: 5642.104184627533, Episode Timestpes: 4500,
Epsiode Cummulative Reward: 5647.6678221821785, Episode Timestpes: 4500,
Epsiode Cummulative Reward: 5636.753639757633, Episode Timestpes: 4500,
Epsiode Cummulative Reward: 5614.085721731186, Episode Timestpes: 4500,
Epsiode Cummulative Reward: 7125.279747068882, Episode Timestpes: 4500,
Epsiode Cummulative Reward: 5678.731278002262, Episode Timestpes: 4500,
Epsiode Cummulative Reward: 5640.951390862465, Episode Timestpes: 4500,
Epsiode Cummulative Reward: 5606.5297602415085, Episode Timestpes: 4500,
Epsiode Cummulative Reward: 8492.118180513382, Episode Timestpes: 4500,
Epsiode Cummulative Reward: 3014.832029223442, Episode Timestpes: 4500,
Epsiode Cummulative Reward: 9120.333222210407, Episode Timestpes: 3959,
Epsiode Cummulative Reward: 2204.664148569107, Episode Timestpes: 362,
Epsiode Cummulative Reward: 5004.570822715759, Episode Timestpes: 4500,
Epsiode Cummulative Reward: 5629.197694897652, Episode Timestpes: 4500,
Epsiode Cummulative Reward: 7228.5446810126305, Episode Timestpes: 4500,
Epsiode Cummulative Reward: 7376.305886030197, Episode Timestpes: 4500,
Epsiode Cummulative Reward: 5632.555878996849, Episode Timestpes: 4233,
Epsiode Cummulative Reward: 2998.0409812927246, Episode Timestpes: 4500,
Epsiode Cummulative Reward: 5604.011131942272, Episode Timestpes: 4500,
Epsiode Cummulative Reward: 1645.5223731398582, Episode Timestpes: 316,
Epsiode Cummulative Reward: 5613.24619948864, Episode Timestpes: 4500,
Epsiode Cummulative Reward: 4949.999934732914, Episode Timestpes: 4500,
Epsiode Cummulative Reward: 5640.111854374409, Episode Timestpes: 4500,
Epsiode Cummulative Reward: 5902.891681134701, Episode Timestpes: 4500,
Epsiode Cummulative Reward: 7184.887960970402, Episode Timestpes: 4385,
Epsiode Cummulative Reward: 4945.802152872086, Episode Timestpes: 4500,
Epsiode Cummulative Reward: 5617.443950176239, Episode Timestpes: 2942,
Epsiode Cummulative Reward: 5614.925297796726, Episode Timestpes: 4500,
Epsiode Cummulative Reward: 8534.887955725193, Episode Timestpes: 4500,
Epsiode Cummulative Reward: 2218.9365381598473, Episode Timestpes: 338,
Epsiode Cummulative Reward: 4937.40663510561, Episode Timestpes: 4500,
Epsiode Cummulative Reward: 5006.249919295311, Episode Timestpes: 4500,
Epsiode Cummulative Reward: 5818.936470031738, Episode Timestpes: 4500,
Epsiode Cummulative Reward: 2207.1828097701073, Episode Timestpes: 392,
Epsiode Cummulative Reward: 2279.171710371971, Episode Timestpes: 342,
Epsiode Cummulative Reward: 5665.298411667347, Episode Timestpes: 4500,
Epsiode Cummulative Reward: 5623.320806324482, Episode Timestpes: 3842,
Epsiode Cummulative Reward: 4999.5334958434105, Episode Timestpes: 4500,
Epsiode Cummulative Reward: 5527.611860692501, Episode Timestpes: 2526,
Epsiode Cummulative Reward: 2777.2387706637383, Episode Timestpes: 476,
Epsiode Cummulative Reward: 5564.552165687084, Episode Timestpes: 4500,
Epsiode Cummulative Reward: 5004.570827901363, Episode Timestpes: 4500,
Epsiode Cummulative Reward: 2765.485038101673, Episode Timestpes: 1526,
Epsiode Cummulative Reward: 3064.3656405210495, Episode Timestpes: 4500,
Epsiode Cummulative Reward: 358.4888020157814, Episode Timestpes: 97,
Epsiode Cummulative Reward: 2789.832058608532, Episode Timestpes: 453,
Epsiode Cummulative Reward: 5653.5446917414665, Episode Timestpes: 4500,
Epsiode Cummulative Reward: 5588.059594750404, Episode Timestpes: 4500,
Epsiode Cummulative Reward: 1667.3507248163223, Episode Timestpes: 368,
Epsiode Cummulative Reward: 5633.395445525646, Episode Timestpes: 4500,
Epsiode Cummulative Reward: 8523.973751664162, Episode Timestpes: 4500,
Epsiode Cummulative Reward: 5018.003648400307, Episode Timestpes: 4500,
Epsiode Cummulative Reward: 8560.955060243607, Episode Timestpes: 4500,
Epsiode Cummulative Reward: 5640.951419770718, Episode Timestpes: 4500,
Epsiode Cummulative Reward: 5638.432748138905, Episode Timestpes: 4500,
Epsiode Cummulative Reward: 5951.585720896721, Episode Timestpes: 4500,
Epsiode Cummulative Reward: 5609.048418819904, Episode Timestpes: 4500,
Epsiode Cummulative Reward: 2785.634289443493, Episode Timestpes: 1287,
Epsiode Cummulative Reward: 5595.6156024336815, Episode Timestpes: 4500,
Epsiode Cummulative Reward: 1646.3619215488434, Episode Timestpes: 251,
Epsiode Cummulative Reward: 1427.2387880682945, Episode Timestpes: 338,
Epsiode Cummulative Reward: 5613.246166646481, Episode Timestpes: 4500,
Epsiode Cummulative Reward: 5815.578292965889, Episode Timestpes: 1844,
Epsiode Cummulative Reward: 5661.940228164196, Episode Timestpes: 4500,
Epsiode Cummulative Reward: 5902.052141368389, Episode Timestpes: 4500,
Epsiode Cummulative Reward: 5995.24245095253, Episode Timestpes: 4500,
Epsiode Cummulative Reward: 4929.011077582836, Episode Timestpes: 4500,
Epsiode Cummulative Reward: 7707.929009079933, Episode Timestpes: 4500,
Epsiode Cummulative Reward: 5562.033486664295, Episode Timestpes: 4500,
Epsiode Cummulative Reward: 2207.1828070282936, Episode Timestpes: 289,
Epsiode Cummulative Reward: 2791.5111521482468, Episode Timestpes: 2335,
Epsiode Cummulative Reward: 8563.432713270187, Episode Timestpes: 4500,
Epsiode Cummulative Reward: 1651.3992426395416, Episode Timestpes: 445,
Epsiode Cummulative Reward: 5626.993660509586, Episode Timestpes: 4500,
Epsiode Cummulative Reward: 9479.999946475029, Episode Timestpes: 2340,
Epsiode Cummulative Reward: 9258.22219389677, Episode Timestpes: 3338,
Epsiode Cummulative Reward: 2960.2611709833145, Episode Timestpes: 4500,
Epsiode Cummulative Reward: 9788.055528342724, Episode Timestpes: 954,
Epsiode Cummulative Reward: 9724.666628181934, Episode Timestpes: 1239,
Epsiode Cummulative Reward: 7366.231310606003, Episode Timestpes: 3928,
Epsiode Cummulative Reward: 7269.682802796364, Episode Timestpes: 4500,
Epsiode Cummulative Reward: 7366.231307506561, Episode Timestpes: 2516,
Epsiode Cummulative Reward: 2960.2611943483353, Episode Timestpes: 489,
Epsiode Cummulative Reward: 2961.100727081299, Episode Timestpes: 2642,
Epsiode Cummulative Reward: 6640.858181834221, Episode Timestpes: 4500,
Epsiode Cummulative Reward: 9741.38885396719, Episode Timestpes: 1164,
Epsiode Cummulative Reward: 2960.261170268059, Episode Timestpes: 1948,
Epsiode Cummulative Reward: 9061.05550378561, Episode Timestpes: 4226,
Epsiode Cummulative Reward: 7266.324578940868, Episode Timestpes: 4500,
Epsiode Cummulative Reward: 9693.222211539745, Episode Timestpes: 1381,
Epsiode Cummulative Reward: 7240.298470616341, Episode Timestpes: 4500,
Epsiode Cummulative Reward: 9179.944402873516, Episode Timestpes: 3691,
Epsiode Cummulative Reward: 7267.164131224155, Episode Timestpes: 4500,
Epsiode Cummulative Reward: 9465.833287358284, Episode Timestpes: 2404,
Epsiode Cummulative Reward: 9606.666609108448, Episode Timestpes: 1770,
Epsiode Cummulative Reward: 2960.261176466942, Episode Timestpes: 2340,
Epsiode Cummulative Reward: 9680.388851463795, Episode Timestpes: 1439,
Epsiode Cummulative Reward: 7277.238769471645, Episode Timestpes: 4500,
Epsiode Cummulative Reward: 7255.4103989601135, Episode Timestpes: 4500,
Epsiode Cummulative Reward: 5001.212663948536, Episode Timestpes: 4500,
Epsiode Cummulative Reward: 7273.880558907986, Episode Timestpes: 4500,
Epsiode Cummulative Reward: 7269.6828001737595, Episode Timestpes: 4500,
